id,brand,car_model,type,desc,problem,datetime,status
569426,一汽丰田,RAV4荣放,2016款 2.0L CVT 两驱 都市版 国V,一汽丰田RAV4荣放车身生锈 漆面起泡,"H79,H81,",2021-02-01,信息审核
569424,东风标致,标致408,2016款 1.6T 自动 豪华版,东风标致408电源管理模块故障要求免费维修,"H146,",2021-02-01,信息审核
569420,东风日产,轩逸,2021款 经典 1.6 XE 手动 舒适版,东风日产轩逸变速箱异响希望厂家处理,"B33,",2021-02-01,信息审核
569419,北京奔驰,奔驰GLC,2021款 GLC 300 L 4MATIC 动感型,北京奔驰GLC发动机启停功能故障 刹车抖动,"E43,E111,H263,",2021-02-01,厂家受理
569418,奇瑞汽车,瑞虎8,2019款 1.6TGDI 自动 时尚型,奇瑞瑞虎8行驶过程中发动机突然熄火,"A14,",2021-02-01,信息审核
569415,广汽本田,雅阁,2018款 260TURBO 精英版 国V,广汽本田雅阁后轮吃胎偏磨希望处理,"G245,",2021-02-01,信息审核
569414,广汽菲克菲亚特,致悦,2014款 1.4T 自动 舒适型,菲亚特致悦行驶时变速箱失去动力,"B334,",2021-02-01,信息审核
569407,上汽大众斯柯达,柯迪亚克,2018款 TSI330 两驱 舒适版 5座,斯柯达柯迪亚克变速箱故障报警 无法加速,"B20,B96,B334,",2021-02-01,信息审核
569405,东风日产,骐达TIIDA,2020款 1.6L CVT 智行版,日产骐达售后维修技术差导致故障加重,"H147,J303,",2021-02-01,信息审核
569401,吉利汽车,嘉际,2021款 智擎 1.5TD DCT 尊贵型,吉利嘉际旅游基金一直不兑现希望处理,"L313,",2021-02-01,信息审核
569398,吉利汽车,帝豪GL,2018款 1.8L 自动 精英智联型,吉利帝豪GL变速器漏油经销商不解决问题,"B22,I295,",2021-02-01,信息审核
569396,一汽丰田,卡罗拉,2016款 1.6L CVT  GL-i炫酷版,一汽丰田卡罗拉4S店以原厂名义换副厂配件,"N319,",2021-02-01,信息审核
569392,东风风行,景逸X5,2017款 1.6L 手动 豪华型,东风风行景逸X5离合器异响 发动机异响,"A9,C65,",2021-02-01,信息审核
569391,广汽本田,飞度,2014款 1.5L CVT SE时尚型,广汽本田飞度起动发动机时存在打齿异响,"A9,",2021-02-01,信息审核
569390,广汽丰田,凯美瑞,2015款 2.0G 自动 领先版,广汽丰田凯美瑞左右半轴防尘套漏油,"G161,",2021-02-01,信息审核
569389,华晨宝马,宝马3系,2016款 320Li 豪华设计套装,华晨宝马3系方向盘喇叭及功能键经常失灵	,"H151,H71,",2021-02-01,信息审核
569388,东风标致,标致408,2015款 1.2T 自动 豪华版,东风标致408发动机报警 加速无力,"A34,A163,",2021-02-01,信息审核
569387,北京现代,名图,2019款 1.8L 自动 智能型GLS 纪念款 国VI,北京现代名图司机座椅塌陷要求解决,"H169,",2021-02-01,信息审核
569381,一汽-大众捷达,捷达VS5,2019款 280TSI 自动 进取型,捷达VS5电瓶负极漏电解液要求解决,"H146,",2021-02-01,处理反馈
569379,一汽-大众,宝来,2019款 改款 280TSI DSG 精英型 国VI,一汽大众宝来涡轮增压有油污 发动机缺机油,"A12,A189,",2021-02-01,处理反馈
569378,东风风行,菱智M5EV,2020款 舒适型 7座,东风风行菱智M5EV多次熄火4S店找不到原因,"A14,J301,",2021-02-01,信息审核
569376,猎豹汽车,Mattu,2020款 1.6T DCT 尊贵型,猎豹Mattu发动机故障 变速箱无动力输出,"A34,B246,H134,",2021-02-01,信息审核
569374,北京现代,伊兰特,2021款 240TGDi TOP 旗舰版,北京现代伊兰特交款之后厂家不发车,"L312,",2021-02-01,信息审核
569367,广汽本田,飞度,2016款 1.5L SE CVT 时尚型,广汽本田飞度发动机冷启动VTC执行器异响,"A9,",2021-02-01,信息审核
569364,一汽-大众奥迪,奥迪A6L,2019款 45 TFSI 臻选动感型,一汽大众奥迪A6L经销商收取服务费 强制购买,"K307,K325,N317,",2021-02-01,信息审核
569361,SWM斯威汽车,SWM斯威X7,2016款 1.5T 舒适型,SWM斯威X7发动机熄火底盘异响转向间隙大,"A14,D337,G56,",2021-02-01,信息审核
569357,奇瑞汽车,艾瑞泽5,2019款 1.5L 手动 新青春版 国VI,奇瑞艾瑞泽5车门漏水希望尽快得到处理,"H109,",2021-02-01,信息审核
569354,吉利汽车,嘉际,2019款 1.8TD 自动 舒享型,吉利嘉际4S店不予返还旅游基金 暴力拆卸,"J300,J299,L313,",2021-02-01,厂家受理
569351,东风日产,轩逸,2016款 1.6XV CVT 智享版,东风日产轩逸上传错误维修记录导致车辆贬值,"J299,",2021-02-01,信息审核
569350,一汽-大众,迈腾,2018款 330TSI DSG 豪华型,一汽大众迈腾变速箱机电单元故障,"B115,",2021-02-01,处理反馈
569349,长城汽车,哈弗H6 Coupe,2018款 1.5T 自动 两驱 豪华型 红标,哈弗H6 Coupe电瓶频繁亏电希望处理,"H146,",2021-02-01,厂家受理
569346,北京现代,悦动,2020款 1.6L 自动 悦目版GL,北京现代悦动发动机异响行驶跑偏车身共振,"A9,A174,G117,H268,",2021-02-01,信息审核
569345,东风标致,标致408,2014款 1.8L 自动 豪华版,东风标致408发动机烧机油 减震器异响,"A63,G52,",2021-02-01,处理反馈
569335,奇瑞汽车,瑞虎5x,2017款 1.5T 手动 精英型,奇瑞瑞虎5x高速行驶发动机抖动故障报警 ,"A24,A34,",2021-02-01,信息审核
569331,长城汽车,风骏7,2020款 2.0T 柴油 两驱 新冠军版 公务型 小双 4D20M,长城风骏7发动机涡轮增压器损坏不予索赔,"A189,I297,",2021-02-01,厂家受理
569327,奇瑞汽车,瑞虎7,2020款 1.5T 手动 精英型,奇瑞瑞虎7天窗异响 朝阳轮胎鼓包,"F39,H164,H89,J299,",2021-02-01,信息审核
569326,东风悦达起亚,起亚KX5,2016款 1.6T 自动 两驱DLX,东风悦达起亚KX5中控台表面开裂,"H176,",2021-02-01,信息审核
569325,一汽丰田,卡罗拉,2019款 1.2T S-CVT GL-i精英版,一汽丰田卡罗拉后备箱缝隙不一致要求解决,"H209,",2021-02-01,信息审核
569319,一汽-大众,速腾,2020款 280TSI DSG 舒适型 国VI,一汽大众速腾变速箱行驶异响希望厂家解决,"B33,",2021-02-01,处理反馈
569316,江铃汽车,驭胜S350,2016款 2.0T 自动 两驱 汽油 豪华版 7座,江铃驭胜S350经销商欺骗更换电脑模块,"A44,J306,",2021-02-01,信息审核
569313,奇瑞汽车,瑞虎8,2018款 1.5TCI 自动 特供版 7座,奇瑞瑞虎8悬架异响 中控台异响 发动机漏油,"A12,G204,H93,",2021-02-01,信息审核
569312,一汽丰田,卡罗拉,2019款 1.2T S-CVT GL-i精英版,一汽丰田卡罗拉低速行驶变速箱顿挫异响,"B33,B19,",2021-02-01,信息审核
569311,北京现代,北京现代ix35,2012款 2.0L 自动 两驱 精英版 GLS,北京现代ix35启动后发动机敲缸异响,"A9,",2021-02-01,信息审核
569310,东风标致,标致408,2014款 1.8L 自动 豪华版,东风标致408发动机烧机油 车身共振,"A63,H268,",2021-02-01,处理反馈
569309,特斯拉中国,Model 3,2020款 长续航 后轮驱动版,特斯拉Model 3行车安全辅助系统故障报警,"H170,J301,",2021-02-01,信息审核
569308,一汽-大众,宝来,2020款 1.5L 自动 舒适型,一汽大众宝来电瓶亏电影响出行用车,"H146,",2021-02-01,处理反馈
569307,东风标致,标致308,2019款 1.6L 手动 时尚版 国V,东风标致308方向盘转向柱松动要求解决,"D337,",2021-02-01,处理反馈
569304,长安福特,福睿斯,2019款 改款 1.5L 自动 质享型（胎压监测） 国VI,长安福特福睿斯4S店变相收费购车补贴不兑现,"I293,K307,K325,L313,",2021-02-01,处理反馈
569299,长城汽车,哈弗H2,2018款 1.5T 双离合 两驱 时尚型 创享版 蓝标,哈弗H2转向沉重虚位大希望尽快处理,"D156,D337,",2021-02-01,厂家受理
569298,广汽乘用车,传祺GS5,2019款 235T 自动 豪华版,广汽传祺GS5驾驶员安全带无法收回,"H118,",2021-02-01,信息审核
569297,长安福特,锐际,2020款 EcoBoost 245 两驱 聪慧嘉享款,长安福特锐界转向失去助力 转向沉重,"D156,D112,",2021-02-01,处理反馈
569296,奇瑞汽车,瑞虎7,2016款 2.0L CVT 耀臻版,奇瑞瑞虎7行驶时变速箱油管爆裂,"B22,",2021-02-01,信息审核
569291,沃尔沃亚太,沃尔沃S60,2019款 S60L 改款 T5 智进进阶版,亚太沃尔沃S60启动后变速箱异响,"B33,",2021-02-01,信息审核
569286,东风本田,本田XR-V,2020款 1.5L CVT 经典版,东风本田XR-V胎压故障报警要求解决,"H203,",2021-02-01,信息审核
569281,江铃汽车,驭胜S350,2014款 2.4T  自动  两驱 柴油 豪华天窗版 5座,江铃驭胜S350车身多处生锈存在质量问题,"H79,",2021-02-01,信息审核
569279,长城汽车,哈弗H6 Coupe,2015款 2.0T 自动 两驱尊贵型,哈弗H6 Coupe发动机严重烧机油希望处理,"A63,",2021-02-01,厂家受理
569276,东风标致,标致408,2016款 1.6T 自动 豪华版,东风标致408机油异常增多希望处理,"A339,",2021-02-01,处理反馈
569272,一汽丰田,卡罗拉,2019款 双擎 1.8L E-CVT GL-i精英版,一汽丰田卡罗拉厂家未履行三包换车未兑现,"L310,",2021-02-01,信息审核
569270,一汽红旗,红旗H5,2018款 30TD 智联韵动版,一汽红旗H5韩泰轮胎老化开裂影响安全,"F100,",2021-02-01,信息审核
569268,一汽-大众奥迪,奥迪A4L,2019款 40 TFSI 时尚型 国VI,一汽大众奥迪A4L行驶颠簸路面车门异响,"H72,",2021-02-01,信息审核
569264,广汽菲克菲亚特,菲翔,2012款 1.4T 自动 劲享版,广汽菲亚特菲翔变速箱跳挡异响严重,"B115,",2021-02-01,信息审核
569262,BEIJING汽车,绅宝D50,2014款 1.5L 手动 豪华版,绅宝D50天窗密封条处存在生锈的现象,"H79,",2021-02-01,信息审核
569257,东风汽车,俊风E11K,2019款 标准型,东风俊风E11K充电系统故障多次检测无果	,"H340,",2021-02-01,信息审核
569255,东风乘用车,风神AX7,2018款 1.6T 自动 豪华型,东风风神AX7踩油门异响售后不予处理,"A9,A45,",2021-02-01,处理反馈
569252,一汽-大众,速腾,2020款 200TSI DSG 舒适型 国VI,一汽大众速腾颗粒捕捉器堵塞要求厂家解决,"A114,",2021-02-01,处理反馈
569245,广汽丰田,雷凌,2021款 双擎 1.8H E-CVT 运动版,广汽丰田雷凌仪表台异响希望处理,"H93,",2021-02-01,处理反馈
569244,广汽丰田,凯美瑞,2015款 2.5G 自动 豪华导航版,广汽丰田凯美瑞前挡风玻璃视物模糊,"H113,",2021-02-01,处理反馈
569242,北京现代,北京现代ix35,2018款 2.0L 自动 两驱 智勇·畅享版,北京现代ix35前轮耐克森轮胎起皮,"F186,",2021-02-01,处理反馈
569240,东风日产,轩逸,2018款 1.6XV CVT 尊享版,东风日产轩逸中控黑屏蓝牙无法连接,"H134,H155,",2021-02-01,处理反馈
569237,众泰汽车,众泰T600,2015款 1.5T 手动 豪华型,众泰T600车身车漆多处脱落要求厂家处理,"H81,",2021-02-01,信息审核
569235,东风本田,本田XR-V,2019款 1.5L CVT 经典版 国VI,本田XR-V车辆无法启动 方向盘没有助力,"A44,D265,I282,",2021-02-01,信息审核
569232,一汽解放,解放J6P,2011款 解放J6P 9.0 集装箱 半挂 牵引汽车 CA4250P66K24T1A1 EX型,一汽解放J6P新车发动机缺机油 故障灯亮,"A34,A63,M284,",2021-02-01,厂家受理
569229,东南汽车,东南DX3,2018款 1.5T CVT 尊贵型,东南DX3万力轮胎掉渣 胎花有纵向裂纹,"F100,F10,",2021-02-01,信息审核
569226,广汽本田,缤智,2015款 1.8L CVT 两驱豪华型,本田缤智发动机涨紧轮故障导致加速异响,"A9,",2021-02-01,信息审核
569223,一汽-大众,速腾,2014款 1.4TSI 手动 豪华型 改款,大众速腾车身稳定系统故障 ABS故障灯亮,"E74,H170,",2021-01-31,处理反馈
569222,上汽通用五菱,宝骏360,2019款 1.5L 手动 精英型 国VI,上汽通用五菱宝骏360灯光接触不良频繁跳动,"H71,",2021-01-31,信息审核
569220,上汽大众,途观L,2018款 330TSI 自动 两驱 豪华版,上汽大众途观L行驶时变速箱故障报警,"B96,B27,",2021-01-31,信息审核
569219,长城汽车,风骏5,2020款 2.0T 柴油 四驱 精英型 大双排 国VI GW4D20M,长城风骏5车辆无法启动要求给予解决,"A44,I292,",2021-01-31,处理反馈
569218,奇瑞捷豹路虎,捷豹XEL,2020款 2.0T 200PS S进取优雅版,奇瑞捷豹路虎XEL经销商出售问题车,"M284,",2021-01-31,处理反馈
569217,北京现代,北京现代ix35,2018款 2.0L 自动 两驱 智勇·畅享版,北京现代ix35车机塑料按钮电镀件起皮,"H168,",2021-01-31,信息审核
569216,一汽丰田,卡罗拉,2019款 双擎 1.8L E-CVT GL-i精英版,一汽丰田卡罗拉插数据线车机黑屏重启,"H134,H155,",2021-01-31,信息审核
569214,奇瑞汽车,艾瑞泽5,2016款 1.5L CVT 领锐版,奇瑞艾瑞泽5变速箱故障报警维修多次未解决,"B96,J298,",2021-01-31,信息审核
569212,广汽丰田,凯美瑞,2008款 200G 2.0 自动 NAVI 豪华导航版,广汽丰田凯美瑞半轴内球笼套渗油,"G161,",2021-01-31,信息审核
569211,吉利汽车,帝豪GL,2017款 1.3T 自动 精英型,吉利帝豪GL行驶时变速箱异响严重,"B33,",2021-01-31,处理反馈
569210,长安汽车,长安CS15,2019款 1.5L 手动 进取型 国VI,长安CS15电瓶经常亏电维修多次未解决,"H146,",2021-01-31,信息审核
569209,东风本田,本田UR-V,2020款 370TURBO 两驱 尊雅版,东风本田UR-V变速器漏油要求解决,"B22,",2021-01-31,厂家受理
569208,一汽丰田,RAV4荣放,2016款 2.0L CVT 两驱 智尚版 国V,一汽丰田RAV4荣放半轴内侧防尘套漏油,"G161,",2021-01-31,信息审核
569207,一汽-大众,宝来,2020款 1.5L 手动 舒适型,一汽大众宝来冷车行驶时转向异响,"D59,",2021-01-31,处理反馈
569206,长城汽车,炮,2020款 2.0T 越野版 手动 柴油 四驱 定制版 GW4D20M,长城炮尿素泵故障多次维修未解决,"A9,A24,A34,A114,J298,",2021-01-31,厂家受理
569204,一汽-大众,宝来,2020款 1.5L 自动 舒适型,一汽大众宝来发动机启停系统无法工作,"H263,",2021-01-31,处理反馈
569198,长城汽车,长城C50,2012款 1.5T 时尚型,长城C50车身 车门 底盘生锈影响驾驶安全,"H79,",2021-01-31,处理反馈
569195,东风日产,骐达TIIDA,2016款 1.6L CVT 智行版,东风日产骐达变速箱异响逐渐增大,"B33,",2021-01-31,处理反馈
569193,威马汽车,威马EX5,2018款 EX5 500 Lite探索版,威马EX5充电到90%提示动力电池故障,"H343,",2021-01-31,信息审核
569190,一汽丰田,RAV4荣放,2015款 2.0L CVT 两驱都市版,一汽丰田RAV4荣放半轴防尘套漏油严重,"G161,",2021-01-31,信息审核
569189,东南汽车,东南DX7,2018款 1.5T 手动 豪华型,东南DX7电子手刹出现故障导致无法手刹解除,"E159,",2021-01-31,信息审核
569186,奇瑞汽车,艾瑞泽5,2021款 1.6L CNG 豪华型,奇瑞艾瑞泽5发动机转速自动提高要求处理,"A35,",2021-01-31,信息审核
569182,奇瑞汽车,瑞虎8,2018款 1.5TCI 手动 特供版 5座,奇瑞瑞虎8电瓶线脱落 刹车时有异响,"E43,H110,",2021-01-31,信息审核
569180,一汽海马,福美来,2015款 1.6L 手动 挚爱版 M5,一汽海马福美来F5发动机运转时抖动有异响,"A9,A24,",2021-01-31,信息审核
569177,一汽-大众,迈腾,2017款 330TSI DSG 豪华型,一汽大众迈腾遥控钥匙经常亏电要求处理,"H119,",2021-01-31,处理反馈
569175,一汽-大众,迈腾,2017款 330TSI DSG 领先型,一汽大众迈腾行驶过程中变速箱没有奇数挡,"B20,",2021-01-31,处理反馈
569174,上汽大众斯柯达,柯迪亚克,2020款 TSI330 两驱 豪华优享版 5座,斯柯达柯迪亚克车身共振 变速箱异响,"B33,H268,",2021-01-31,处理反馈
569173,一汽丰田,亚洲龙,2019款 双擎 2.5L 豪华版 国Ⅵ,一汽丰田亚洲龙新车机油增多希望尽快处理,"A339,",2021-01-31,信息审核
569172,长安福特,锐际,2020款 EcoBoost 245 四驱 嘉享款,福特锐际发动机舱异响4S店保养乱收费,"A9,K307,Q349,",2021-01-31,处理反馈
569170,东风日产,轩逸,2021款 经典 1.6 XL CVT 豪华版,东风日产轩逸4S店诱导消费未告知车主,"K307,K325,",2021-01-31,处理反馈
569167,BEIJING汽车,BEIJING-X7,2020款 1.5TD DCT 致尚版,BEIJING-X7新车发动机漏油要求补偿,"A12,",2021-01-31,处理反馈
569165,一汽-大众奥迪,奥迪A4L,2018款 2.0T 进取型 30周年年型,一汽大众奥迪A4L低速时方向盘异响,"D59,",2021-01-31,信息审核
569162,上汽集团,锐腾,2015款 1.5TGI TST 豪华版,上汽名爵底盘异响 电子刹车拉线冻住,"E159,G56,",2021-01-31,处理反馈
569161,北京汽车制造厂,BJ 212,2020款 1.5T 方门 硬顶,北汽制造BJ212变速箱挂挡困难 挡杆抖动,"B20,B95,",2021-01-31,信息审核
569159,吉利汽车,缤瑞,2019款 200T DCT 缤驰版,吉利缤瑞4S店维修中控时造成车门出现划痕,"J300,J303,J299,",2021-01-31,处理反馈
569157,东风风行,风行SX6,2019款 1.6L 手动 豪华型,东风风行SX6首保不予免费希望得到处理,"L313,",2021-01-31,厂家受理
569149,广汽本田,雅阁,2018款 2.0L 锐领版 锐·混动 国V,广汽本田雅阁4S店维修后车辆出现划痕磕碰,"J300,",2021-01-31,处理反馈
569146,东风日产,逍客,2019款 2.0L CVT 豪华版,东风日产逍客发电机皮带轮脱落希望处理,"H73,",2021-01-31,处理反馈
569143,东风雪铁龙,雪铁龙C4L,2013款 1.6THP 自动 劲智版,东风雪铁龙C4L高压油泵故障希望处理,"H78,",2021-01-31,厂家受理
569142,广汽本田,雅阁,2018款 260TURBO 精英版 国V,广汽本田雅阁中控台颠簸时存在异响,"H93,",2021-01-31,处理反馈
569139,长城汽车,风骏7,2019款 2.0T 柴油 两驱 超值型 国VI 大双 GW4D20M,长城风骏7发动机涡轮增压器损坏厂家不保修,"A189,I297,",2021-01-31,厂家受理
569137,长安汽车,长安欧尚X7,2020款 1.5T 手动 精英型,长安欧尚X7前后保险杠有严重的色差,"H201,",2021-01-31,处理反馈
569135,吉利汽车,远景X3,2017款 1.5L 手动 精英型,吉利远景X3 4S店维修技术差服务态度差,"I293,J303,",2021-01-31,处理反馈
569134,一汽-大众奥迪,奥迪A6L,2019款 45 TFSI 臻选动感型,一汽大众奥迪A6L轮毂氧化希望厂家解决,"H243,",2021-01-31,信息审核
569132,上汽通用五菱,新宝骏RC-6,2019款 1.5T 手动 24小时在线精英型,新宝骏RC-6后备箱异响 4S店出售库存车,"H134,H15,H152,K307,M283,",2021-01-31,信息审核
569130,东风标致,标致3008,2013款 1.6T 自动 THP至尚版,东风标致3008发动机水温不稳定,"A191,",2021-01-31,处理反馈
569128,一汽丰田,RAV4荣放,2020款 双擎 2.5L CVT 四驱 精英PLUS版,一汽丰田RAV4荣放发动机机油增多 车窗异响,"A339,H72,",2021-01-31,信息审核
569126,广汽丰田,凯美瑞,2018款 2.5G 自动 豪华版,广汽丰田凯美瑞变速箱漏油要求厂家处理,"B22,",2021-01-31,处理反馈
569125,长城汽车,哈弗大狗,2021款 1.5T DCT 边牧版,哈弗大狗挡风玻璃有瑕疵 电瓶亏电,"H146,H113,",2021-01-31,处理反馈
569123,御捷新能源,御捷E驰,2017款 标准型,御捷E驰电机控制器故障导致无法正常使用,"A346,",2021-01-31,信息审核
569121,东风日产,奇骏,2020款 2.0L XL ITS CVT 2WD 智联舒适版,东风日产奇骏高速行驶时发电机皮带轮掉落,"H73,",2021-01-31,处理反馈
569118,一汽丰田,卡罗拉,2019款 1.2T S-CVT GL-i精英版,一汽丰田卡罗拉电瓶亏电车辆无法启动,"H146,",2021-01-31,信息审核
569116,一汽-大众,速腾,2019款 280TSI DSG 舒适型 国VI,一汽大众速腾发动机烧机油非常严重,"A63,",2021-01-31,处理反馈
569115,一汽丰田,卡罗拉,2021款 1.2T S-CVT 精英版,一汽丰田卡罗拉变速箱异响伴随顿挫,"B33,B19,",2021-01-31,信息审核
569114,一汽-大众,高尔夫·嘉旅,2020款 280TSI 自动 好奇型,一汽大众高尔夫嘉旅刹车异响及中控异响,"E43,H93,",2021-01-31,处理反馈
569113,奔驰（进口）,奔驰C级（进口）,2020款 C 260 轿跑车,进口奔驰C级发动机故障灯亮变速箱无法挂挡,"A34,B20,",2021-01-31,厂家受理
569112,北京现代,途胜,2015款 1.6T   双离合 两驱 智能型,北京现代途胜起步时变速箱顿挫并且异响,"B33,B19,",2021-01-31,信息审核
569111,长安铃木,奥拓,2013款 1.0L 手动 实用型,长安铃木奥拓发动机抖动排气管冒白烟,"A24,A114,H73,",2021-01-31,处理反馈
569110,一汽红旗,红旗HS5,2019款 2.0T 智联旗享版,红旗HS5高速行驶时车门有严重漏风现象,"H144,",2021-01-31,信息审核
569108,一汽-大众捷达,捷达VS5,2019款 280TSI 自动 悦享型,捷达VS5变速箱降挡顿挫 刹车盘有异响,"B19,E43,H72,H93,",2021-01-31,处理反馈
569105,一汽丰田,RAV4荣放,2019款 2.0L CVT 两驱 风尚X 限量版 国VI,一汽丰田RAV4荣放赠送保养价值与宣传不符,"M279,",2021-01-31,信息审核
569104,北京现代,北京现代ix25,2020款 1.5L CVT 尊贵型,北京现代ix25 4S店维修一直没有配件,"N318,",2021-01-31,信息审核
569103,一汽-大众奥迪,奥迪A6L,2021款 40 TFSI 豪华动感型,一汽大众奥迪A6L前大灯进灰一直未解决,"H88,",2021-01-31,信息审核
569102,东风标致,标致408,2016款 1.6T 自动 豪华版,东风标致408电源管理模块故障导致故障灯亮,"H110,",2021-01-31,处理反馈
569101,东风标致,标致408,2015款 1.2T 自动 豪华版,东风标致408减震器异响存在质量问题,"G52,",2021-01-31,处理反馈
569100,长安福特,锐界,2020款 EcoBoost 245 两驱 精锐型 5座,长安福特锐界车门大小不同疑似事故车,"H209,",2021-01-31,处理反馈
569097,领克,领克03,2020款 1.5TD DCT 劲版,领克03经销商出售库存车电瓶多次亏电,"M283,",2021-01-31,处理反馈
569096,长安汽车,长安欧尚X7,2020款 1.5T 手动 豪华型,长安欧尚X7玻璃水管路断开导致车内进水,"H60,",2021-01-31,厂家受理
569095,一汽-大众,探岳,2020款 280TSI 两驱 豪华智联版,一汽大众探岳车联网APP无法对车辆进行定位,"H155,",2021-01-31,用户评分
569093,广汽本田,缤智,2015款 1.5L CVT 两驱舒适型,广汽本田缤智冷车启动发动机异响故障灯亮,"A9,A34,",2021-01-31,处理反馈
569092,奇瑞汽车,瑞虎3,2016款 1.6L 手动 智尚版,奇瑞瑞虎3车门槛生锈漆面起皮要求厂家解决,"H79,H81,",2021-01-31,信息审核
569088,众泰汽车,众泰T500,2018款 1.5T 手动 尊享型 5座,众泰T500发动机线路管断裂4S店不予质保,"H168,",2021-01-31,信息审核
569084,上汽通用五菱,五菱之光小卡,2020款 1.2L 双排,五菱之光小卡刹车失灵 音箱有杂音 后轮吃胎,"E29,G245,H134,",2021-01-31,信息审核
569083,上汽集团,荣威Ei5,2019款 智联旗舰版,上汽荣威Ei5电池组故障续航严重降低,"H344,",2021-01-31,处理反馈
569081,东风日产,轩逸,2021款 经典 1.6 XE CVT 舒适版,东风日产轩逸4S店技术差 展车与实车不符,"H79,J303,",2021-01-31,处理反馈
569078,吉利汽车,远景X3,2017款 1.5L 自动 精英型,吉利远景X3 4S店办理假行驶证协商后不履行,"L314,",2021-01-31,厂家受理
569077,江淮汽车,瑞风S3,2018款 1.5L 手动 豪华型 定制版,江淮瑞风S3车身 车轮 中控台异响严重,"H15,H93,H164,",2021-01-31,信息审核
569075,奇瑞汽车,瑞虎8 PLUS,2021款 290TGDI DCT 豪享版,奇瑞瑞虎8 PLUS发动机异响 车窗异响,"A9,H72,H263,",2021-01-31,信息审核
569071,北京现代,领动,2020款 1.4T 双离合 炫动·活力型,北京现代领动发动机漏油存在质量问题,"A12,",2021-01-31,信息审核
569066,广汽丰田,雷凌,2017款 185T CVT 精英版 国VI 改款,广汽丰田雷凌减震器漏油要求彻底解决,"G25,",2021-01-31,处理反馈
569065,长城汽车,哈弗H2,2018款 1.5T 手动 两驱 风尚型 创享版 国V,哈弗H2火花塞点火线圈线杆频繁损坏,"A91,",2021-01-31,处理反馈
569064,一汽-大众奥迪,奥迪A4L,2016款 2.0T 自动 标准型,一汽大众奥迪A4L发动机节温器漏防冻液,"A37,",2021-01-31,信息审核
569063,北京现代,名图,2014款 1.8L 自动 智能型,北京现代名图半轴漏油存在质量问题,"G51,",2021-01-31,信息审核
569061,海马汽车,海马8S,2019款 1.6TGDI 自动 潮版,海马8S厂家合伙人得奖励金活动未兑现,"L313,",2021-01-31,信息审核
569060,奇瑞汽车,风云2,2013款 1.5L 手动 快意版 两厢,奇瑞风云2车轮大幅度转向时与内衬摩擦,"H157,",2021-01-31,信息审核
569054,东风日产,逍客,2017款 2.0L CVT 精英版 国V,东风日产逍客变速箱报故障码P0776,"B84,",2021-01-31,处理反馈
569053,江汽集团,思皓X8,2021款 300T DCT 舒适版 7座,思皓X8变速器不分离无法正常行驶,"B77,",2021-01-31,信息审核
569051,奇瑞捷豹路虎,发现神行,2017款 2.0T SE,奇瑞捷豹路虎发现神行正时齿轮断裂水箱漏水,"A37,A45,",2021-01-31,处理反馈
569049,上汽大众,途观L,2018款 330TSI 自动 两驱 旗舰版 改款,上汽大众途观L底盘异响 后备箱有时锁不上,"G56,H68,",2021-01-31,处理反馈
569047,一汽-大众,宝来,2020款 1.5L 自动 精英型,一汽大众宝来冷车行驶时刹车异响明显,"E43,",2021-01-31,处理反馈
569045,奇瑞汽车,艾瑞泽M7,2015款 1.8L 手动 宽悦版 232座,奇瑞艾瑞泽M7 4S店无车门配件要求解决,"H79,N318,",2021-01-31,信息审核
569044,北汽新能源,EV系列,2016款 EV160 轻快版,北汽新能源EV系列动力电池无法充电,"H340,",2021-01-31,用户评分
569043,星途,星途TXL,2021款 1.6T 两驱 星耀版,星途TXL 4S店贴膜质量差操作不规范,"J303,J299,",2021-01-31,信息审核
569041,Jeep（进口）,指南者（进口）,2014款 2.4L 自动 四驱 运动版,进口Jeep指南者车内有严重异味影响身体健康,"H185,",2021-01-31,信息审核
569034,猎豹汽车,猎豹CS10,2017款 1.5T CVT 尊贵型,猎豹CS10原地左右打方向盘时有异响,"D59,",2021-01-31,信息审核
569032,北京现代,北京现代ix25,2015款 1.6L 自动 两驱 智能型 GLS 5座,北京现代ix25事故车维修配件一直未到货,"N320,",2021-01-31,信息审核
569030,长城汽车,哈弗H6 Coupe,2019款 1.5T 自动 两驱 豪华智联版 国V,哈弗H6 Coupe车身多处异响售后服务态度差,"H15,I293,",2021-01-31,处理反馈
569029,广汽本田,飞度,2016款 1.5L LXS CVT 舒适天窗版,广汽本田飞度冷车启动发动机VTC执行器异响,"A9,",2021-01-31,处理反馈
569026,北京现代,瑞纳,2014款 1.4L 手动 智能型GLS 三厢,北京现代瑞纳发动机油耗高车身抖动,"A12,A85,H15,H268,H149,",2021-01-31,信息审核
569022,昌河铃木,利亚纳A6,2016款 1.4L 手动 理想型 两厢,昌河铃木利亚纳A6电动转向系统故障,"D156,D291,",2021-01-31,信息审核
569021,陆风汽车,陆风X7,2015款 2.0T 全景尊贵版,陆风X7变速箱挂挡不走厂家一直没有回应,"B334,I294,",2021-01-31,信息审核
569018,长安汽车,奔奔E-Star,2021款 国民版 心悦版,长安奔奔E-Star经销商出售事故车要求处理,"M284,",2021-01-31,处理反馈
569016,上汽通用五菱,宝骏530,2019款 1.5T CVT 尊贵型 国V,宝骏530低速行驶变速箱换挡顿挫严重,"B19,",2021-01-31,厂家受理
569015,一汽-大众,探岳,2020款 330TSI 两驱 豪华智联版,一汽大众探岳变速箱抖动 中控异响 半轴共振,"B95,G125,H93,",2021-01-31,处理反馈
569012,广汽本田,雅阁,2018款 2.0L 锐领版 锐·混动 国VI,广汽本田雅阁方向盘直线行驶时卡滞,"D123,",2021-01-31,处理反馈
569007,比亚迪,宋Pro,2019款 1.5T 自动 豪华型,比亚迪宋Pro直线行驶方向盘不正且异响,"D59,D154,",2021-01-31,处理反馈
569005,奇瑞新能源,艾瑞泽e,2019款 出行版,奇瑞艾瑞泽e车辆行驶中突然断电影响安全,"H110,",2021-01-30,信息审核
569004,长城汽车,哈弗H6 Coupe,2020款 智联版 1.5T 自动 两驱 精英型,哈弗H6 Coupe变速箱 车身 天窗异响,"B33,D265,H15,H89,",2021-01-30,处理反馈
569003,福田,时代微卡,小卡之星,福田时代微卡新车发动机排气冒蓝烟,"A114,",2021-01-30,信息审核
568997,长安福特,探险者,2020款 EcoBoost 285 四驱 钛金版 6座,长安福特探险者发动机无法启动未确定原因,"A44,",2021-01-30,处理反馈
568993,广汽三菱,欧蓝德,2019款 2.0L 两驱 畅享版 5座 国VI,广汽三菱欧蓝德升级后拖挡共振沉闷无力,"O348,",2021-01-30,厂家受理
568988,广汽三菱,欧蓝德,2018款 2.4L 四驱 精英版 5座,广汽三菱欧蓝德4S店保养作假无人处理,"M279,N317,",2021-01-30,厂家受理
568987,广汽三菱,劲炫ASX,2020款 2.0L CVT 智领版,广汽三菱劲炫ASX行驶中发动机突然熄火,"A14,",2021-01-30,厂家受理
568984,上汽大众,桑塔纳,2019款 1.5L 手动 风尚版 国VI,上汽大众桑塔纳玛吉斯轮胎开裂要求处理,"F100,",2021-01-30,处理反馈
568982,北京现代,领动,2019款 1.4T 双离合 炫动·活力型,北京现代领动低速起步时变速箱顿挫异响,"B33,B19,",2021-01-30,信息审核
568979,一汽丰田,卡罗拉,2019款 1.2T S-CVT GL-i精英版,一汽丰田卡罗拉低速行驶时变速箱顿挫异响	,"B33,B19,",2021-01-30,信息审核
568973,一汽奔腾,奔腾B30EV,2019款 EV400,一汽奔腾B30EV更换水泵后系统故障灯亮,"A34,J300,",2021-01-30,用户评分
568972,猎豹汽车,猎豹CT7,2018款 1.9T 两驱 卓越型 大双版 柴油 D19TCIE,猎豹CT7发动机故障灯亮尾气管堵塞动力不足,"A34,A163,A114,",2021-01-30,信息审核
568971,一汽-大众奥迪,奥迪Q5,2017款 2.0T 40 TFSI 技术型,一汽大众奥迪Q5节温器和水泵处漏防冻液,"A37,",2021-01-30,信息审核
568969,东风雪铁龙,雪铁龙C4L,2013款 1.8L 自动 劲驰版,东风雪铁龙C4L汽油泵设计缺陷导致油泵烧毁,"H78,",2021-01-30,厂家受理
568965,东风本田,享域,2019款 180TURBO CVT 乐享版 国V,东风本田享域发动机机油增多乳化故障灯亮,"A34,A339,A13,",2021-01-30,处理反馈
568958,广汽乘用车,传祺GS5,2019款 270T 自动 豪华版,广汽传祺GS5刹车盘异常磨损导致刹车异响,"E43,E47,",2021-01-30,信息审核
568957,福田汽车,图雅诺,2019款 2.5T E5 4J25TC3,福田图雅诺发动机烧机油厂家和4S店不解决,"A63,I295,",2021-01-30,信息审核
568955,一汽-大众,探岳,2019款 330TSI 两驱 豪华型 国Ⅵ,一汽大众探岳行驶中变速箱异响顿挫,"B33,B19,",2021-01-30,处理反馈
568953,上汽大众,途岳,2021款 280TSI 两驱 风尚版,上汽大众途岳刹车失灵影响行车安全,"E29,K307,",2021-01-30,处理反馈
568952,一汽-大众奥迪,奥迪A4L,2020款 40 TFSI 豪华动感型,一汽大众奥迪A4L低速行驶打方向盘时异响,"D59,",2021-01-30,信息审核
568951,东风本田,本田CR-V,2019款 240TURBO CVT 两驱 舒适版 国VI,东风本田CR-V两后轮胎内侧吃胎方向跑偏,"G245,G117,",2021-01-30,处理反馈
568950,吉利汽车,帝豪GL,2017款 1.3T 自动 精英型,吉利帝豪GL多功能方向盘按钮功能异常,"H134,",2021-01-30,处理反馈
568947,上汽集团,名爵3,2013款 1.5L AMT 精英版,上汽名爵3刹车分泵出现漏油的现象,"E99,",2021-01-30,用户评分
568945,东风日产,奇骏,2017款 2.5L CVT 豪华版 5座 4WD,东风日产奇骏发动机抖动 变速箱脱挡,"A24,B246,",2021-01-30,处理反馈
568944,江淮汽车,嘉悦A5,2020款 1.5T CVT 精英型,江淮嘉悦A5低速行驶时发动机存在异响,"A9,H79,H134,H82,H113,H271,",2021-01-30,信息审核
568943,一汽-大众,速腾,2019款 280TSI DSG 舒适型 国VI,一汽大众速腾低速刹车异响变速箱换挡顿挫,"A35,B19,E43,",2021-01-30,处理反馈
568941,东风本田,本田CR-V,2019款 240TURBO CVT 两驱 舒适版 国V,东风本田CR-V刹车不线性刹车偏软,"E269,",2021-01-30,处理反馈
568940,东风本田,本田XR-V,2017款 1.5L LXi CVT 经典版,东风本田XR-V行驶时底盘异响发动机噪音大,"A38,G56,",2021-01-30,处理反馈
568939,广汽丰田,雷凌,2019款 185T CVT 豪华版 国VI,广汽丰田雷凌行驶时转向异响车身异响,"D59,H15,",2021-01-30,处理反馈
568938,上汽通用五菱,五菱宏光PLUS,2019款 1.5T 手动 豪华型 7座,上汽通用五菱宏光PLUS发动机异常抖动,"A24,",2021-01-30,处理反馈
568937,北京汽车,威旺M20,2018款 1.2L 经济型 A122,北汽威旺M20发动机抖动转速表指针抖动,"A24,H202,",2021-01-30,信息审核
568936,一汽-大众,速腾,2020款 280TSI DSG 舒适型 国VI,一汽大众速腾发动机运转时汽油箱存在异响,"H147,",2021-01-30,处理反馈
568935,东风日产,逍客,2021款 2.0L CVT 豪华版,东风日产逍客行驶中车身共振发动机噪音大,"A38,H268,",2021-01-30,处理反馈
568934,上汽大众,途观L,2019款 280TSI 自动 两驱 全景舒适版 国V,上汽大众途观L行驶过程中变速箱异响顿挫,"B33,B19,",2021-01-30,处理反馈
568932,北京奔驰,奔驰GLC,2020款 改款 GLC 260 L 4MATIC 动感型,北京奔驰GLC刹车异响影响到正常用车	,"E43,",2021-01-30,厂家受理
568931,东风日产,楼兰,2017款 2.5L XL 两驱 智尚版,东风日产楼兰使用导航时无法调节音量,"H21,",2021-01-30,处理反馈
568930,奇瑞汽车,瑞虎8 PLUS,2021款 290TGDI DCT 豪享版,奇瑞瑞虎8 PLUS置换补贴一直不予兑现,"L313,",2021-01-30,信息审核
568925,长安汽车,长安CS35,2017款 1.6L 手动 豪华型,长安CS35车内有严重异味影响身体健康,"H185,",2021-01-30,处理反馈
568924,长安汽车,长安UNI-T,2020款 1.5T 旗舰型,长安UNI-T刹车泵里有空气 电瓶亏电,"E43,H146,",2021-01-30,处理反馈
568921,海马汽车,海马8S,2019款 1.6TGDI 自动 潮版,海马8S介绍新客户赠送奖励金承诺不予兑现,"L314,",2021-01-30,信息审核
568920,一汽解放轻卡,虎VH,大王驾到,一汽解放轻卡虎VH经销商补偿承诺不兑现,"L314,",2021-01-30,信息审核
568917,北京奔驰,奔驰GLC,2020款 GLC 260 L 4MATIC 动感型,北京奔驰GLC无法识别钥匙车门无法解锁,"H119,H197,",2021-01-30,厂家受理
568913,一汽丰田,卡罗拉,2021款 1.2T S-CVT 先锋版,一汽丰田卡罗拉变速箱顿挫异响越来越严重,"B33,B19,",2021-01-30,信息审核
568910,一汽-大众,迈腾,2020款 330TSI DSG 豪华型,一汽大众迈腾新车出现怠速飞轮异响,"A9,",2021-01-30,处理反馈
568908,奇瑞汽车,瑞虎8,2020款 290TGDI 自动 精英版,奇瑞瑞虎8发动机高压回油管及油底壳漏油,"A12,",2021-01-30,信息审核
568907,奇瑞汽车,捷途X70,2018款 1.5T 手动 畅行版,捷途X70 4S店安装底护板磨损油底壳,"A9,H157,",2021-01-30,处理反馈
568906,北京现代,索纳塔,2011款 2.0 DLX尊贵版,北京现代索纳塔八车门生锈非常严重,"H79,",2021-01-30,信息审核
568905,广汽三菱,奕歌,2019款 1.5T CVT 两驱 梦想版 国V,广汽三菱奕歌天窗异响 车门及中控台异响,"H72,H93,H89,",2021-01-30,厂家受理
568904,北京现代,途胜,2020款 280TGDi 双离合 两驱 时尚版 国VI,北京现代途胜发动机熄火 4S店查不出原因,"A14,J301,",2021-01-30,信息审核
568903,北京现代,领动,2020款 1.4T 双离合 炫动·旗舰型,北京现代领动变速箱漏油希望厂家尽快处理,"B22,",2021-01-30,信息审核
568902,一汽-大众,宝来,2020款 1.5L 自动 舒适型,一汽大众宝来倒车影像成像上下颠倒,"H134,",2021-01-30,处理反馈
568901,郑州日产,风度MX5,2016款 1.4T 手动 时尚版,东风风度MX5发动机烧机油无人处理,"A63,",2021-01-30,信息审核
568899,一汽-大众,迈腾,2017款 330TSI DSG 豪华型,一汽大众迈腾变速箱跳挡 无法挂入倒挡,"B20,B27,",2021-01-30,处理反馈
568897,一汽-大众,速腾,2017款 1.6L 自动 舒适型,一汽大众速腾加油和收油时变速箱异响,"B33,",2021-01-30,处理反馈
568895,吉利汽车,经典帝豪,2013款 1.5L 手动 进取型 三厢,吉利经典帝豪4S店检测气囊配件未归还,"H103,J299,K307,",2021-01-30,处理反馈
568894,广汽丰田,威兰达,2020款 2.0L CVT 四驱 豪华版,广汽丰田威兰达导航不准确 系统与宣传不符,"H21,M279,",2021-01-30,处理反馈
568891,长安福特,翼虎,2013款 1.6T  两驱舒适型,长安福特翼虎变速箱漏油发动机漏防冻液,"A37,B22,",2021-01-30,处理反馈
568887,奇瑞汽车,瑞虎8,2019款 1.6TGDI 自动 豪华型,奇瑞瑞虎8发动机熄火后无法完全断电,"H110,",2021-01-30,信息审核
568882,长安汽车,长安欧尚X7,2020款 1.5T 手动 精英型,长安欧尚X7副驾驶玻璃水管脱落底盘泡水,"H109,",2021-01-30,厂家受理
568881,东风标致,标致308,2018款 1.6L 自动 豪华版,东风标致308前进及倒车时转向异响,"D59,",2021-01-30,处理反馈
568880,吉利汽车,熊猫,2009款 1.3L 手动 功夫版,吉利熊猫转向助力失效 后桥断裂 侧裙生锈,"D112,G230,H79,",2021-01-30,处理反馈
568876,东风本田,本田CR-V,2021款 锐·混动 2.0L 两驱 净驰版,东风本田CR-V低速行驶时汽油箱有异响,"H147,",2021-01-30,厂家受理
568875,东风日产,奇骏,2020款 2.0L XL ITS CVT 2WD 智联舒适版,东风日产奇骏4S店态度恶劣 配置与宣传不符,"I293,M279,",2021-01-30,处理反馈
568874,特斯拉（进口）,MODEL X,2017款 MODEL X 100D 长续航版,特斯拉MODEL X中控频繁死机要求处理,"H155,",2021-01-30,信息审核
568872,长安马自达,马自达3 昂克赛拉,2020款 2.0L 自动 质炫版,长安马自达昂克赛拉普利司通轮胎鼓包,"F39,",2021-01-30,处理反馈
568870,东风日产,奇骏,2017款 2.0L CVT 智享版 5座 2WD,东风日产奇骏变速箱无法加速希望厂家处理,"B334,",2021-01-30,用户评分
568867,广汽本田,凌派,2015款 1.8 自动 豪华版,广汽本田凌派车身锈蚀厂家拒绝处理,"H79,",2021-01-30,处理反馈
568865,东风日产,天籁,2020款 2.0L XL Upper 智行版,东风日产天籁车载智联无法使用厂家不处理,"H155,M279,",2021-01-30,处理反馈
568861,长安汽车,奔奔,2014款 1.4L 手动 天窗版,长安奔奔漆面鼓包生锈希望厂家处理问题,"H79,H81,",2021-01-30,处理反馈
568860,东风标致,标致408,2014款 1.8L 自动 豪华版,东风标致408发动机烧机油 减震器异响,"A63,G52,",2021-01-30,处理反馈
568857,奇瑞汽车,艾瑞泽7,2013款 1.6L CVT 致尚版,奇瑞艾瑞泽7车门严重生锈希望厂家处理,"H79,",2021-01-30,信息审核
568854,一汽-大众捷达,捷达VS5,2019款 280TSI 自动 荣耀型,捷达VS5发动机异响希望厂家处理问题,"A9,",2021-01-30,处理反馈
568852,一汽-大众奥迪,奥迪A4L,2020款 40 TFSI 豪华动感型,一汽大众奥迪A4L前大灯内部出现胶痕,"H220,",2021-01-30,信息审核
568850,东风日产,启辰D60,2019款 十万荣耀 1.6L XL CVT 辰酷版 国V,启辰D60发动机异响厂家故意不解决问题,"A9,",2021-01-30,信息审核
568849,广汽本田,冠道,2020款 370TURBO 两驱 豪华版,广汽本田冠道发动机漏油存在质量问题,"A12,",2021-01-30,用户评分
568846,斯巴鲁,森林人,2021款 2.0i 豪华版,斯巴鲁森林人汽油颗粒传感器有故障,"A34,A114,H234,",2021-01-30,信息审核
568840,长安汽车,长安CS35,2016款 1.6L 手动 豪华型 国IV,长安CS35车身生锈严重漆面起泡脱落,"H79,H81,",2021-01-30,用户评分
568837,江铃福特,途睿欧,2017款 2.0T 自动 精睿版,江铃福特途睿欧电瓶亏电导致无法启动,"H146,",2021-01-30,信息审核
568832,广汽丰田,雷凌,2019款 185T CVT 进取版 国VI,广汽丰田雷凌变速箱顿挫转向以及中控台异响,"B19,D59,H72,H93,",2021-01-30,处理反馈
568828,一汽-大众奥迪,奥迪Q5,2013款 40 TFSI 自动 舒适型,一汽大众奥迪Q5天窗异响希望厂家处理,"H89,",2021-01-30,信息审核
568826,奇瑞汽车,瑞虎8,2019款 1.6TGDI 自动 时尚型,奇瑞瑞虎8方向盘爆皮中控黑屏质量差,"B33,B20,E43,H134,H168,H67,",2021-01-30,信息审核
568824,东风日产,天籁,2020款 2.0T XL Upper AD1 智享领航版,东风日产天籁变速箱顿挫发动机抖动,"A9,A24,B19,",2021-01-30,处理反馈
568822,长城汽车,哈弗H6 Coupe,2016款 1.5T 自动 两驱精英型,哈弗H6 Coupe发动机怠速时出现异响,"A9,",2021-01-30,处理反馈
568819,北京现代,朗动,2016款 1.6L 自动 尊贵型,北京现代朗动出现交通事故气囊未弹开,"H103,",2021-01-30,信息审核
568815,长安福特,探险者,2020款 EcoBoost 285 四驱 运动版ST-LINE 6座,长安福特探险者油箱有异响希望厂家处理,"H147,",2021-01-30,处理反馈
568814,吉利汽车,嘉际,2019款 1.5TD 手动 舒享型,吉利嘉际厂家销售承诺现金未返还,"L313,",2021-01-30,厂家受理
568812,长安马自达,马自达CX-5,2020款 改款 2.0L 自动 两驱 智尊型,长安马自达CX-5变速箱异响希望厂家处理,"B33,",2021-01-30,处理反馈
568807,一汽丰田,亚洲龙,2019款 双擎 2.5L XLE 尊贵版 国V,一汽丰田亚洲龙天窗和车内异响严重,"H164,H89,",2021-01-30,信息审核
568804,上汽大众,途观L新能源,2021款 430PHEV 插电混动 尊贵版,上汽大众途观L新能源经销商恶意强制销售,"K325,",2021-01-30,处理反馈
568802,东风日产,阳光,2011款 1.5L CVT XV 尊贵版,东风日产阳光故障灯亮发动机故障灯亮,"A34,",2021-01-30,处理反馈
568801,一汽-大众奥迪,奥迪A6L新能源,2020款 55 TFSI e quattro,一汽大众奥迪A6L仪表盘损坏希望厂家质保,"H202,N318,",2021-01-30,信息审核
568799,上汽大通,上汽大通MAXUS G10,2018款 1.9T 自动 精英版 PLUS 柴油,上汽MAXUS G10发动机异响希望厂家处理,"A9,",2021-01-30,处理反馈
568794,一汽-大众,宝来,2021款 1.5L 自动 舒适智联版,一汽大众宝来N挡停车后钥匙能拔出,"H119,",2021-01-30,处理反馈
568790,东风日产,奇骏,2017款 2.0L CVT 舒适版 5座 2WD,东风日产奇骏售后保养无故更换冷却液盖,"J299,",2021-01-30,处理反馈
568788,江淮汽车,嘉悦A5,2020款 1.5T CVT 精英型,江淮嘉悦A5发动机怠速抖动希望厂家处理,"A24,",2021-01-30,信息审核
568787,知豆电动车,知豆D2,2016款 D2,知豆D2动力电池故障无法正常行驶,"H343,",2021-01-30,信息审核
568784,广汽丰田,雷凌,2019款 185T CVT 豪华版 国VI,广汽丰田雷凌低速行驶变速箱异响顿挫,"B33,B19,",2021-01-30,处理反馈
568783,一汽-大众,速腾,2018款 1.6L 自动 舒适型,一汽大众速腾行驶中变速箱顿挫严重,"B19,",2021-01-30,处理反馈
568782,上汽大众,途观L,2020款 330TSI 自动 两驱 全景舒适版 国VI,上汽大众途观L启停失灵 油耗高 车身异响,"A85,H15,H263,",2021-01-30,处理反馈
568778,北京现代,领动,2020款 1.4T 双离合 炫动·活力型,北京现代领动行驶中方向跑偏转向异响,"D59,G117,",2021-01-30,信息审核
568775,上汽大众,桑塔纳,2019款 1.5L 手动 风尚版 国VI,上汽大众桑塔纳刹车盘生锈销售商出售库存车,"E42,M284,M283,",2021-01-30,处理反馈
568771,一汽-大众,高尔夫·嘉旅,2016款 1.6L 自动 舒适型,一汽大众高尔夫嘉旅变速箱换挡机构故障,"B20,B96,B84,",2021-01-30,处理反馈
568766,一汽-大众,探岳,2019款 征途版 280TSI 两驱 豪华型 国Ⅵ,一汽大众探岳大灯有白雾希望厂家处理,"H82,",2021-01-30,处理反馈
568765,东风日产,奇骏,2019款 2.0L CVT 智联舒适版 5座 2WD,东风日产奇骏发动机异响希望厂家处理,"A9,",2021-01-30,处理反馈
568762,上汽大众,Polo,2019款 Plus 1.5L 自动 全景乐享版,上汽大众Polo领取新年红包无法使用,"L313,",2021-01-30,处理反馈
568761,广汽丰田,雷凌,2017款 1.8H GS CVT 精英天窗版 国V 改款 双擎,广汽丰田雷凌出现交通事故安全气囊未弹开,"H55,",2021-01-30,处理反馈
568757,吉利汽车,远景X6,2016款 1.3T CVT 豪华型,吉利远景X6变速箱无法加速希望厂家处理,"B334,N317,",2021-01-29,处理反馈
568756,BEIJING汽车,绅宝X35,2016款 1.5L 手动 精英版,绅宝X35转向异响卡顿换件未解决问题,"D59,D123,",2021-01-29,处理反馈
568752,长安汽车,长安CS55,2017款 1.5T 手动 炫色型,长安CS55中控台异响希望厂家处理问题,"H93,",2021-01-29,处理反馈
568751,东风本田,本田CR-V,2017款 240TURBO 自动 四驱 尊贵版,东风本田CR-V刹车不线性 自动驻车反应滞后,"E269,H170,",2021-01-29,处理反馈
568749,广汽三菱,劲炫ASX,2013款 2.0L 手动 两驱 舒适版,广汽三菱劲炫发动机舱异响希望厂家处理,"A9,",2021-01-29,厂家受理
568747,SWM斯威汽车,SWM斯威X7,2017款 1.5T 自动 智尊型 7座,斯威X7减震器异响希望厂家质保处理,"G52,I297,",2021-01-29,信息审核
568746,一汽-大众奥迪,奥迪A6L,2021款 40 TFSI 豪华动感型,一汽大众奥迪A6L低速松油门自动加速,"B115,",2021-01-29,信息审核
568743,东风标致,标致408,2016款 1.6T 自动 豪华版,东风标致408电瓶故障导致发动机无法启动,"H146,H110,",2021-01-29,处理反馈
568739,东风本田,INSPIRE,2019款 锐·混动 2.0L 净尚版 国VI,东风本田INSPIRE发动机渗油希望厂家处理,"A12,",2021-01-29,处理反馈
568738,一汽-大众,T-ROC探歌,2020款 280TSI DSG 两驱 豪华型,一汽大众探歌行驶中转向锁死存在质量问题,"D123,D57,",2021-01-29,用户评分
568735,沃尔沃（进口）,沃尔沃XC90,2021款 B6 智逸豪华版 7座,进口沃尔沃XC90发动机故障灯亮希望厂家处理,"A34,",2021-01-29,信息审核
568732,广汽本田,飞度,2014款 1.5L CVT LX舒适型,广汽本田飞度冷车启动困难有异响现象,"A9,A44,",2021-01-29,处理反馈
568730,东风乘用车,风神AX7,2016款 2.0L 自动 智逸型,东风风神AX7发动机噪音大方向盘抖动油耗高,"A38,A163,D80,E47,",2021-01-29,用户评分
568723,一汽奔腾,奔腾T77,2019款 230 TID 自动 尊享型 国VI,一汽奔腾T77行驶过程中自动断油故障灯亮,"A34,A255,",2021-01-29,处理反馈
568722,长安汽车,悦翔V5,2012款 1.5L 手动 梦幻型 国IV,长安悦翔V5车身和底边起泡生锈希望厂家处理,"H81,",2021-01-29,处理反馈
568721,一汽-大众,探岳,2020款 280TSI 两驱 豪华智联版,一汽大众探岳车灯不亮影响夜间使用,"H82,",2021-01-29,处理反馈
568716,福田汽车,图雅诺,2019款 2.8T 厢式 货车 长轴 中顶 4J28TC3,福田图雅诺变速箱无法加速存在安全隐患,"B334,",2021-01-29,信息审核
568712,北京现代,领动,2019款 1.4T 双离合 炫动·活力型,北京现代领动机油增多噪音大起步无力,"A339,A38,A163,",2021-01-29,信息审核
568710,广汽丰田,凯美瑞,2015款 2.0G 自动 领先版,广汽丰田凯美瑞半轴防尘套漏油严重,"G51,",2021-01-29,处理反馈
568705,东风日产,轩逸,2019款 1.6XV CVT 智联尊享版 国V,东风日产轩逸中控屏重启无故关闭,"H134,",2021-01-29,处理反馈
568701,长城汽车,风骏7,2019款 2.0T 汽油 两驱 精英型 国VI 大双 GW4C20B,长城风骏7涡轮增压故障有故障灯亮,"A189,",2021-01-29,处理反馈
568700,吉利汽车,嘉际,2019款 1.5TD MHEV DCT 耀享型,吉利嘉际变速箱和转向系统以及中控台异响,"B33,D59,E43,H93,",2021-01-29,处理反馈
568697,林肯（进口）,林肯MKZ,2017款 2.0H E-CVT 尊享版,进口林肯MKZ防冻液渗漏希望厂家处理问题,"A24,A37,A191,",2021-01-29,信息审核
568696,观致汽车,观致5,2019款 观致5S 1.6T GDI 尊贵型,观致5电瓶故障需要更换电瓶极板,"H146,",2021-01-29,信息审核
568694,比亚迪,比亚迪F0,2010款 尚酷爱国版 1.0 手动 铉酷型,比亚迪F0车身侧裙和底盘生锈希望厂家处理,"H79,",2021-01-29,处理反馈
568692,东南汽车,东南DX7,2015款 1.5T  手动 启航型,东南DX7行驶时电子刹车故障无法解锁,"E159,",2021-01-29,信息审核
568691,长安汽车,长安欧尚科赛,2020款 GT 2.0T 自动 时尚智联型 7座,长安欧尚科赛App控制天窗失灵车内饰开裂,"H155,H168,",2021-01-29,处理反馈
568690,长安汽车,长安UNI-T,2020款 1.5T 尊贵型,长安UN-T新车后备箱喷过漆要求厂家处理,"H81,M284,",2021-01-29,处理反馈
568684,广汽本田,冠道,2017款 370TURBO 自动 四驱 尊享版,广汽本田冠道变速箱换挡顿挫存在质量问题,"B19,",2021-01-29,处理反馈
568682,长安汽车,长安欧尚科赛,2020款 GT 2.0T 自动 时尚智联型 7座,长安欧尚科赛APP控制天窗失灵内装饰板开裂,"H155,H168,H192,",2021-01-29,处理反馈
568680,东风日产,天籁,2020款 2.0L XL 舒适版,东风日产天籁B柱底盘异响变速箱故障灯亮,"B96,G56,H15,",2021-01-29,处理反馈
568678,一汽-大众,速腾,2018款 280TSI DSG熠动版,大众速腾三条韩泰轮胎开裂存在质量问题,"F100,",2021-01-29,处理反馈
568677,长城汽车,哈弗H6 Coupe,2018款 1.5T 自动 两驱 超豪型 红标,哈弗H6 Coupe发动机异响更换后未解决,"A9,",2021-01-29,处理反馈
568676,上汽通用五菱,宝骏530,2018款 1.5T DCT 旗舰型 国V,宝骏530安全气囊故障灯常亮维修未解决,"H103,",2021-01-29,处理反馈
568673,上汽通用五菱,宝骏310W,2017款 1.5L 手动 时尚型 国VI,宝骏310W行驶中出现交通事故气囊未弹开,"H55,",2021-01-29,用户评分
568672,一汽-大众,迈腾,2017款 330TSI DSG 领先型,一汽大众迈腾变速箱处于紧急运行模式,"B96,B115,",2021-01-29,处理反馈
568668,东风日产,天籁,2020款 2.0L XL 舒适版,东风日产天籁行驶时中控及B柱严重异响,"H93,H164,",2021-01-29,处理反馈
568663,一汽-大众,高尔夫,2017款 1.6L 自动 舒适百万辆纪念版,一汽大众高尔夫变速箱顿挫升挡逻辑混乱,"B19,B115,",2021-01-29,处理反馈
568662,一汽奔腾,奔腾B30,2017款 1.6L 手动 豪华型,一汽奔腾B30发动机漏油噪音大 车身生锈,"A12,A38,D123,H79,H72,H93,",2021-01-29,处理反馈
568661,东风标致,标致408,2014款 1.8L 自动 豪华版,东风标致408固特异轮胎有裂纹轮毂氧化,"F100,H243,",2021-01-29,处理反馈
568659,广汽本田,奥德赛,2015款 2.4L 智享版 改款,广汽本田奥德赛冷启动VTC动作器异响,"A9,",2021-01-29,处理反馈
568657,一汽-大众,速腾,2014款 1.6L 自动 舒适型 改款,一汽大众速腾防冻液渗漏空调制热效果差,"A37,H101,",2021-01-29,处理反馈
568656,广汽本田,雅阁,2018款 260TURBO 豪华版 国VI,广汽本田雅阁变速箱漏油顿挫转向卡滞,"B19,B22,D123,",2021-01-29,处理反馈
568653,DS汽车,DS5,2015款 1.8T 豪华版THP200,DS5减震器漏油 方向盘掉皮 空调旋钮屏破裂,"G25,H168,",2021-01-29,信息审核
568652,广汽乘用车,传祺GA6,2019款 270T 自动 尊享版,广汽传祺GA6发动机抖动严重希望处理,"A24,",2021-01-29,处理反馈
568651,上汽通用五菱,宝骏530,2018款 1.8L 自动 豪华型 国V,宝骏530减震器漏油希望尽快解决,"G25,",2021-01-29,处理反馈
568649,广汽丰田,凯美瑞,2019款 2.5G 豪华版 国VI,广汽丰田凯美瑞发动机机油增多乳化,"A339,A13,I292,",2021-01-29,处理反馈
568647,一汽-大众,探岳,2019款 330TSI 两驱 豪华型 国V,一汽大众探岳前大灯发白影响行车安全,"H82,",2021-01-29,处理反馈
568646,一汽-大众,速腾,2018款 1.6L 自动 舒适型,一汽大众速腾低速变速箱异响希望处理,"B33,",2021-01-29,处理反馈
568643,广汽丰田,威兰达,2020款 2.0L CVT 两驱 豪华版,广汽丰田威兰达车门异响 发动机舱进泥浆,"H72,H21,Q322,",2021-01-29,处理反馈
568638,一汽-大众,迈腾,2015款 1.8TSI 领先型,一汽大众迈腾变速器机电单元故障,"B115,",2021-01-29,处理反馈
568637,长安汽车,长安欧尚X7,2020款 1.5T 自动 尊贵型,长安欧尚X7厂家尾灯到货地址遥远要求解决,"L314,N320,",2021-01-29,厂家受理
568636,上汽大众,凌渡,2021款 280TSI DSG 舒适版,上汽大众凌渡购车后4S店置换补贴未兑现,"L313,",2021-01-29,处理反馈
568635,一汽-大众奥迪,奥迪Q3,2021款 40 TFSI 时尚动感型,一汽大众奥迪Q3车顶化妆镜位置漏水,"H109,",2021-01-29,信息审核
568634,陕汽德龙,德龙M3000,重型牵引车,陕汽德龙M3000新车发生自燃希望处理,"H40,",2021-01-29,信息审核
568629,北京现代,菲斯塔,2019款 280TGDi 智享版 国VI,北京现代菲斯塔合格证与车管所备案不符,"L314,Q349,",2021-01-29,信息审核
568626,东风日产,逍客,2017款 2.0L CVT 豪华版 国VI,东风日产逍客经销商引导消费希望处理,"A34,K307,",2021-01-29,处理反馈
568624,一汽-大众,高尔夫,2018款 230TSI 自动 舒适型,一汽大众高尔夫维修离合器后变速箱异响,"B33,J300,",2021-01-29,处理反馈
568623,长安汽车,长安欧尚X70A,2019款 1.5L 手动 标准型 国VI,长安欧尚X70A变速箱换挡异响 行驶车身异响,"A38,A85,B33,H15,",2021-01-29,处理反馈
568622,一汽-大众,探岳,2020款 330TSI 两驱 豪华智联版,大众探岳车身共振 购车时置换补贴未兑现,"H268,L313,",2021-01-29,处理反馈
568620,江淮汽车,瑞风S3,2016款 1.5L 手动 豪华智能型,江淮瑞风S3吃胎偏磨减震器异响,"G52,G245,",2021-01-29,处理反馈
568619,上汽大众,朗行,2013款 1.4TSI 自动 舒适型,上汽大众朗行变速箱异响厂家不延长质保,"B33,L314,",2021-01-29,处理反馈
568618,BEIJING汽车,BEIJING-EU5,2020款 R500 智风版,BEIJING-EU5购车时置换补贴未兑现,"L313,",2021-01-29,用户评分
568615,一汽-大众奥迪,奥迪A4L,2019款 40 TFSI 进取型 国V,一汽大众奥迪A4L发动机故障灯亮,"A9,",2021-01-29,信息审核
568613,领克,领克01,2020款 2.0T 两驱 纯Pro版 国VI,领克01行驶方向盘卡滞 刹车时油箱异响,"D123,H147,",2021-01-29,处理反馈
568612,一汽丰田,卡罗拉,2017款 1.8L CVT 领先版 改款 双擎,丰田卡罗拉油箱盖拉绳自动脱落 座椅抖动,"H168,H169,H50,",2021-01-29,信息审核
568611,奇瑞汽车,瑞虎8,2019款 1.6TGDI 自动 精英型,奇瑞瑞虎8车灯盲区大存在安全隐患,"Q322,",2021-01-29,信息审核
568607,长城汽车,长城C50,2013款 1.5T 精英型,长城C50漆面腐蚀 车身生锈希望尽快处理,"H79,H81,",2021-01-29,处理反馈
568606,SWM斯威汽车,SWM斯威X7,2018款 1.5T 手动 豪华型 7座,SWM斯威X7机油乳化机盖生锈行李架氧化,"A13,H79,H81,",2021-01-29,信息审核
568603,东风标致,标致207,2011款 1.4 手动 品乐版 两厢,东风标致207后桥异响 右后轮倾斜,"G245,G158,H71,",2021-01-29,处理反馈
568602,东风雪铁龙,爱丽舍,2015款 1.6L 手动 舒适型,东风雪铁龙爱丽舍转向卡滞 方向盘不上锁,"D123,",2021-01-29,用户评分
568601,上汽大众,途观L,2019款 330TSI 自动 两驱 全景舒适版 国V,大众途观L启停失效 发动机油耗高动力消失,"A85,A255,H263,",2021-01-29,处理反馈
568600,奇瑞汽车,艾瑞泽5,2017款 1.5L 手动 领潮版,奇瑞艾瑞泽5四个车门生锈存在质量问题,"H79,",2021-01-29,信息审核
568594,北京现代,悦动,2018款 1.6L 自动 悦值版 GLS 国V,北京现代悦动启动困难 发动机抖动,"A24,A44,",2021-01-29,信息审核
568593,路虎进口,揽胜运动版,2021款 3.0 L6 SE,路虎揽胜运动版车灯故障报警维修后未解决,"H64,",2021-01-29,处理反馈
568592,一汽-大众,迈腾,2017款 330TSI DSG 豪华型,一汽大众迈腾变速箱机电单元故障,"B115,",2021-01-29,处理反馈
568589,吉利汽车,远景X6,2020款 1.4T CVT 尊贵型,吉利远景X6车漆开裂 胎压报警 车载网络报警,"H81,H155,H203,J301,",2021-01-29,处理反馈
568588,一汽-大众,迈腾,2016款 1.8TSI 智享豪华型,一汽大众迈腾变速箱故障报故障码要求索赔,"B115,",2021-01-29,处理反馈
568585,一汽-大众奥迪,奥迪A6L,2017款 45 TFSI 双离合 quattro 运动型,一汽大众奥迪A6L油箱异响希望厂家处理,"H147,",2021-01-29,信息审核
568580,一汽-大众,探岳,2019款 330TSI 四驱 豪华型 国Ⅵ,一汽大众探岳大灯有白雾影响夜间照明,"H82,",2021-01-29,处理反馈
568579,吉利汽车,缤瑞,2021款 1.4T CVT F-运动版,吉利缤瑞前挡风玻璃开裂希望得到处理,"H113,",2021-01-29,厂家受理
568577,长安福特,蒙迪欧,2017款 EcoBoost 180 自动 时尚型,长安福特蒙迪欧米其林轮胎开裂希望处理,"F100,",2021-01-29,用户评分
568576,奥迪（进口）,奥迪Q7,2014款 35TDI quattro 越野型,进口奥迪Q7行驶时转向系统卡滞失灵,"D123,D57,",2021-01-29,信息审核
568575,奇瑞汽车,瑞虎8,2018款 1.5TCI 自动 豪华型 7座,奇瑞瑞虎8天窗爆裂希望尽快处理,"H113,",2021-01-29,信息审核
568574,吉利汽车,缤越,2020款 PRO 260T DCT 游侠,吉利缤越刹车异响严重希望尽快处理,"E43,",2021-01-29,处理反馈
568571,江淮汽车,江淮iEV,2015款 纯电动 iEV5,江淮iEV动力电池更换后续航严重缩水,"H344,",2021-01-29,用户评分
568569,东风日产,奇骏,2015款 2.0L CVT 舒适MAX版 2WD,东风日产奇骏变速箱无法挂挡希望厂家处理,"B20,",2021-01-29,处理反馈
568564,东风日产,启辰D50,2015款 1.6L 手动 时尚版,启辰D50发动机严重漏防冻液希望处理,"A37,",2021-01-29,处理反馈
568563,领克,领克03,2021款 2.0TD 自动 劲 冠军版,领克03置换补贴未兑现QQ音乐会员兑换码过期,"L313,",2021-01-29,处理反馈
568562,众泰汽车,众泰Z500,2015款 1.5T 手动 尊贵型,众泰Z500质保期内故障厂家无配件索赔,"N318,",2021-01-29,信息审核
568560,吉利汽车,缤瑞,2018款 14T CVT 缤致版,吉利缤瑞变速箱低速顿挫 升挡缓慢,"B19,",2021-01-29,处理反馈
568559,奇瑞汽车,瑞虎8 PLUS,2021款 290TGDI DCT 豪情版,奇瑞瑞虎8 PLUS新车座椅有划痕 疑似翻新车,"M284,",2021-01-29,处理反馈
568558,福田汽车,时代康瑞,2014款 康瑞H2-3360-北京环保4J28TC,福田时代康瑞库存车 车架号有变更 油管开裂,"H168,M284,M283,",2021-01-29,信息审核
568556,北京现代,名图,2019款 1.8L 自动 智能型GLS 国VI,北京现代名图方向盘沉重 大灯进水,"D156,H88,",2021-01-29,信息审核
568555,东风悦达起亚,焕驰,2020款 改款 1.4L 自动 舒适天窗版,起亚焕驰购车后4S店拒绝提供合格证,"L313,O353,",2021-01-29,处理反馈
568554,广汽本田,凌派,2019款 180Turbo CVT 豪华版 国VI,广汽本田凌派发动机故障大修经销商无配件,"A34,J300,N318,",2021-01-29,处理反馈
568553,东风雪铁龙,雪铁龙C4L,2015款 1.2T 自动 豪华版,东风雪铁龙C4L正时皮带掉渣堵塞油泵,"A34,A45,",2021-01-29,处理反馈
568552,上汽大众斯柯达,昊锐,2012款 1.4TSI DSG 智雅版,斯柯达昊锐延长质保期内变速箱漏油,"B22,",2021-01-29,处理反馈
568551,广汽丰田,YARiS L 致炫,2016款 1.5G CVT 炫动天窗版 改款,广汽丰田致炫发动机异响 车内顶灯开关失灵,"A9,H71,",2021-01-29,处理反馈
568549,江淮汽车,瑞风M4,2020款 2.0CTI 柴油 手动 劲享型 国VI,江淮瑞风M4车辆无法启动4S店未救援,"A44,L314,",2021-01-29,处理反馈
568545,上汽大众,桑塔纳,2018款 1.5L 自动 舒适版,上汽大众桑塔纳变速箱无法降挡希望厂家处理,"B20,",2021-01-29,处理反馈
568542,一汽-大众奥迪,奥迪A6L,2018款 35 TFSI 双离合 时尚型,一汽大众奥迪A6L变速箱异响一直未解决	,"B33,",2021-01-29,信息审核
568540,观致汽车,观致5,2018款 1.6T 自动 尊贵型,观致5中控显示屏闪烁存在质量问题,"H134,",2021-01-29,信息审核
568539,一汽奔腾,奔腾B50,2016款 1.6L 手动 舒适型,一汽奔腾B50漆面大面积生锈4S店不予保修,"H79,",2021-01-29,处理反馈
568537,一汽丰田,亚洲龙,2019款 双擎 2.5L XLE 尊贵版 国Ⅵ,一汽丰田亚洲龙新车副驾驶有异响,"H79,H164,",2021-01-29,信息审核
568536,上汽通用五菱,宝骏530,2018款 1.5T 手动 精英型 国V,宝骏530经销商出售车辆有购买车辆保险记录,"M284,",2021-01-29,处理反馈
568534,一汽-大众,迈腾,2017款 330TSI DSG 尊贵型,一汽大众迈腾变速箱异响顿挫存在质量问题,"B33,B19,B115,",2021-01-29,处理反馈
568531,江铃汽车,驭胜S330,2016款 1.5L GTDi 自动 四驱 旗舰版,江铃驭胜S330仪表盘故障灯亮 刹车弹簧断裂,"H168,",2021-01-29,信息审核
568528,东风悦达起亚,KX3傲跑,2020款 1.5L CVT 潮流版,东风悦达起亚KX3傲跑保养后机油泄漏,"J300,J303,J304,",2021-01-29,用户评分
568524,东风本田,本田CR-V,2017款 240TURBO 自动 四驱 尊耀版,东风本田CR-V中控抬头显示盖板不回位,"H134,",2021-01-29,处理反馈
568523,上汽大众斯柯达,速派,2018款 TSI330 DSG 豪华版 国V,斯柯达速派变速箱换挡异响延迟 降挡顿挫,"B33,B19,",2021-01-29,处理反馈
568521,吉利汽车,远景X6,2016款 1.3T CVT 旗舰型,吉利远景X6变速箱动力丢失故障灯亮,"B96,B334,",2021-01-29,处理反馈
568519,宝马（进口）,宝马X5,2021款 xDrive30i M运动套装,进口宝马X5行驶发动机舱异响 转向异响,"A9,D59,",2021-01-29,厂家受理
568517,奇瑞新能源,小蚂蚁,2021款 15万蚁粉款 蚁酷版,奇瑞小蚂蚁电动机噪音大 中控屏异响,"A341,H134,",2021-01-29,厂家受理
568516,一汽-大众捷达,捷达VS5,2019款 280TSI 自动 悦享型,捷达VS5踩油门发动机舱有异响现象,"A9,",2021-01-29,处理反馈
568510,广汽本田,雅阁,2018款 2.0L 锐领版 锐·混动 国VI,广汽本田雅阁方向盘卡滞影响安全行驶,"D123,",2021-01-29,用户评分
568509,华晨宝马,宝马1系,2020款 125i M运动套装,华晨宝马1系启动困难 怠速不稳希望处理,"A44,A35,",2021-01-29,信息审核
568507,野马汽车,野马T70,2017款 1.5T 手动 精英型 运动版 T70S,野马T70刹车盘异常磨损希望处理,"E47,",2021-01-29,信息审核
568506,领克,领克03,2018款 1.5TD DCT 劲Pro版 国V,领克03车身稳定系统故障 行驶熄火,"A14,H170,",2021-01-29,用户评分
568505,长安福特,翼虎,2018款 EcoBoost 180 两驱 豪翼型,长安福特翼虎挂D挡抖动严重希望处理,"A24,",2021-01-29,处理反馈
568502,北京现代,北京现代ix35,2019款 2.0L 自动 两驱 智勇·畅享版 国VI,北京现代ix35车灯起雾希望更换大灯,"H88,",2021-01-29,信息审核
568501,北京现代,菲斯塔,2019款 280TGDi 智速版 国V,北京现代菲斯塔车身抖动 玛吉斯轮胎变形,"F142,H268,",2021-01-29,处理反馈
568499,一汽-大众,捷达,2017款 1.5L 手动 舒适型,一汽大众捷达漆面开裂希望厂家处理问题,"H81,",2021-01-29,处理反馈
568493,比亚迪,比亚迪e6,2014款 先行者 自动 豪华版 5座,比亚迪e6动力电池故障电池严重亏电,"H343,",2021-01-29,处理反馈
568491,东风日产,奇骏,2014款 2.5L XL CVT 四驱 豪华版,东风日产奇骏天窗漏水空调漏氟不制冷,"H109,",2021-01-29,处理反馈
568490,北京现代,名图,2014款 1.8L 自动 尊贵型,北京现代名图发动机异响拉缸存在设计缺陷,"A329,",2021-01-29,信息审核
568488,一汽-大众,速腾,2020款 280TSI DSG 舒适型 国VI,一汽大众速腾发动机缺缸存在质量问题,"A34,",2021-01-29,处理反馈
568486,一汽丰田,卡罗拉,2018款 1.2T S-CVT GL智享版,一汽丰田卡罗拉行驶时变速箱异响顿挫,"B33,B19,",2021-01-29,信息审核
568485,一汽-大众,迈腾,2019款 380TSI DSG 豪华型 国V,一汽大众迈腾行驶时变速箱异响顿挫感强,"B33,",2021-01-29,处理反馈
568484,一汽丰田,锐志,2013款 2.5V 尚锐导航版,一汽丰田锐志高温暴晒后车内有严重异味,"H185,",2021-01-29,信息审核
568483,江铃福特,撼路者,2017款 2.0T 自动 四驱 旗舰版 7座 汽油,福特撼路者车载系统花屏反复重启宕机,"H134,H155,",2021-01-29,信息审核
568481,广汽丰田,凯美瑞,2019款 改款 2.5G 豪华版,丰田凯美瑞新车座椅塌陷有非正常拆卸痕迹,"H169,M284,",2021-01-29,处理反馈
568479,上汽大众,途观L,2021款 330TSI 自动 两驱 R-Line越享版,大众途观L新车仪表盘出现故障一直黑屏,"H202,",2021-01-29,处理反馈
568476,东风日产,楼兰,2017款 2.5L XL 两驱 智尚版,东风日产楼兰三元催化器隔热铝板破裂,"H168,",2021-01-29,处理反馈
568475,东风日产,轩逸,2020款 1.6L XL CVT 悦享版,东风日产轩逸行驶时中控台A柱部位异响,"H93,H164,",2021-01-28,处理反馈
568474,北京现代,北京现代ix35,2018款 2.0L 自动 两驱 智勇·畅享版,北京现代ix35耐克森轮胎起皮脱落开裂,"F100,F186,",2021-01-28,处理反馈
568473,海马汽车,海马8S,2019款 1.6TGDI 自动 潮版,海马8S马帮合伙人推荐购车奖励厂家不兑现,"L313,",2021-01-28,信息审核
568472,北京越野,北京BJ90,2020款 4.0T 尊驾版,北京BJ90车辆零件缺失 方向跑偏 轴距虚标,"D154,G117,M279,Q350,",2021-01-28,用户评分
568471,上汽大众斯柯达,昊锐,2009款 1.8TSI 自动 智雅版,斯柯达昊锐车内异味 开空调气味刺鼻,"H185,H101,",2021-01-28,处理反馈
568465,一汽-大众,宝来,2019款 宝来·传奇 1.5L 手动 时尚型 国VI,一汽大众宝来胎压监测报警维修多次未解决,"H203,J298,",2021-01-28,用户评分
568464,北京奔驰,奔驰GLB,2020款 改款 GLB 200 动感型,北京奔驰GLB发动机异响减配碳罐阻尼器,"A9,Q350,",2021-01-28,信息审核
568463,长安汽车,奔奔E-Star,2020款 心动版,长安奔奔E-Star经销商隐瞒购车活动拒不履行,"L313,",2021-01-28,处理反馈
568460,吉利新能源,星越新能源,2019款 400T 驭星者 纯电动续航80KM,吉利星越新能源发动机抖动 辅助驾驶故障,"A24,H185,H101,H170,",2021-01-28,处理反馈
568455,理想,理想ONE,2020款 增程6座版,理想ONE官网交付定金经销商不予退还,"K309,",2021-01-28,信息审核
568452,北京现代,领动,2019款 1.4T 双离合 炫动·活力型,北京现代领动前大灯进水希望尽快处理,"H88,",2021-01-28,信息审核
568451,一汽-大众,T-ROC探歌,2019款 280TSI DSG 两驱 舒适型 国VI,一汽大众探歌大灯发白 亮度不足,"H82,",2021-01-28,处理反馈
568450,北京现代,北京现代ix25,2015款 1.6L 自动 两驱 智能型 GLS 5座,北京现代ix25轮毂边缘出现氧化的现象,"H243,",2021-01-28,信息审核
568449,广汽三菱,奕歌,2019款 1.5T CVT 两驱 梦想版 国VI,广汽三菱奕歌天窗异响中控台异响后备箱异响,"H93,H89,H68,",2021-01-28,厂家受理
568448,吉利汽车,缤越,2020款 PRO 240T DCT 猎手,吉利缤越4S店贷款购车月供金额有欺诈嫌疑,"K307,",2021-01-28,处理反馈
568444,北京现代,索纳塔,2020款 380TGDi TOP 自动 旗舰版,北京现代索纳塔新车方向盘有异响,"D59,",2021-01-28,信息审核
568441,一汽-大众,速腾,2018款 280TSI DSG熠动版,一汽大众速腾刹车盘异常磨损 刹车偏软,"E43,E269,E47,",2021-01-28,处理反馈
568440,广汽本田,飞度,2014款 1.5L CVT SE时尚型,广汽本田飞度冷车启动发动机异响,"A9,",2021-01-28,处理反馈
568436,上汽大众斯柯达,速派,2018款 TSI280 DSG 舒适版 国V,斯柯达速派刹车盘磨损 变速箱异响 天窗异响,"B33,E47,H89,",2021-01-28,处理反馈
568431,上汽大众,途岳,2020款 330TSI 四驱 豪华版 国VI,上汽大众途岳发动机抖动变速箱顿挫轮胎开裂,"A24,B95,F100,",2021-01-28,处理反馈
568430,上汽大众,途观L,2021款 330TSI 自动 两驱 R-Line越享版,上汽大众途观L自动启停失效油耗翻倍,"A85,A114,H263,",2021-01-28,用户评分
568429,一汽-大众,宝来,2019款 改款 1.5L 自动 舒适型 国VI,一汽大众宝来发动机EPC故障灯亮,"A34,",2021-01-28,处理反馈
568428,一汽-大众捷达,捷达VS7,2020款 1.4T 自动 荣耀型,大众捷达VS7发动机动力不足 变速箱拖挡,"A163,B69,",2021-01-28,处理反馈
568427,一汽-大众,宝来,2019款 改款 280TSI DSG 精英型 国VI,一汽大众宝来刹车异响 车钥匙电池没电,"E43,H119,",2021-01-28,处理反馈
568425,广汽本田,飞度,2014款 1.5L CVT LX舒适型,广汽本田飞度发动机启动困难希望厂家处理,"A44,",2021-01-28,处理反馈
568421,上汽大众,途安,2018款 途安L 280TSI 自动 豪华版 7座,上汽大众途安变速器异响4S店无法处理,"B33,",2021-01-28,处理反馈
568416,上汽大众,凌渡,2015款 280TSI 手动 舒适版,上汽大众凌渡ABS轮速传感器缺陷车内异味,"E74,H185,H170,H203,",2021-01-28,处理反馈
568412,东风本田,本田XR-V,2021款 220TURBO CVT 豪华版,东风本田XR-V变速箱漏油希望厂家处理,"B22,",2021-01-28,用户评分
568411,一汽-大众,迈腾,2020款 330TSI DSG 领先型,一汽大众迈腾急加速时发动机异响严重,"A9,B19,H82,",2021-01-28,处理反馈
568409,广汽本田,飞度,2014款 1.5L 手动 LX舒适型,广汽本田飞度主驾驶座椅前后晃动严重,"H169,",2021-01-28,用户评分
568407,长城汽车,炮,2019款 2.0T 商用版 手动 两驱 精英型 标箱 GW4D20M 柴油,长城炮朝阳轮胎鼓包厂家不予解决,"F39,",2021-01-28,处理反馈
568406,一汽-大众,探岳,2019款 330TSI 两驱 豪华型 国Ⅵ,一汽大众探岳大灯亮度不足厂家拒绝更换,"H82,",2021-01-28,处理反馈
568404,东风雪铁龙,雪铁龙C2,2012款 1.4 手动 舒适型,东风雪铁龙C2右后桥轴承故障希望处理,"G83,",2021-01-28,处理反馈
568403,长安汽车,长安CS75 PHEV,2018款 1.5T PHEV 精英型,长安CS75 PHEV车机卡顿 影像模糊,"H134,H155,",2021-01-28,处理反馈
568402,一汽丰田,亚洲龙,2019款 2.0L 豪华版 国VI,一汽丰田亚洲龙油耗过高希望处理,"A85,",2021-01-28,信息审核
568401,昌河铃木,利亚纳A6,2014款 1.4L 手动 畅想型 两厢,昌河铃木利亚纳A6转向助力失效希望处理,"D112,",2021-01-28,信息审核
568395,上汽大众,朗逸,2017款 1.6L 自动 舒适版,上汽大众朗逸刹车时前轮出现异响,"E43,",2021-01-28,用户评分
568388,广汽丰田,凯美瑞,2019款 2.0G 豪华版 国VI,广汽丰田凯美瑞怠速时发动机异响,"A9,",2021-01-28,处理反馈
568387,一汽-大众,速腾,2018款 280TSI DSG熠动版,一汽大众速腾变速箱升挡顿挫 中控异响,"B19,H93,",2021-01-28,处理反馈
568384,东风本田,本田CR-V,2018款 1.5T CVT 两驱 舒适版,东风本田CR-V机油增多希望尽快处理,"A339,",2021-01-28,处理反馈
568382,长城汽车,哈弗H2,2016款 1.5T 手动 两驱豪华型,哈弗H2转向异响沉重影响方向盘不正,"D59,D156,D154,",2021-01-28,处理反馈
568381,一汽-大众,高尔夫,2015款 1.6L 自动 舒适型,一汽大众高尔夫变速箱故障灯亮存在质量问题,"B96,",2021-01-28,处理反馈
568379,一汽-大众奥迪,奥迪A4L,2019款 40 TFSI 时尚型 国V,一汽大众奥迪A4L变速箱换挡抖动希望厂家处理,"B95,",2021-01-28,信息审核
568378,一汽-大众,速腾,2018款 280TSI DSG熠动版,一汽大众速腾韩泰轮胎开裂存在质量问题,"F100,",2021-01-28,处理反馈
568377,上汽集团,名爵5,2021款 180DVVT CVT 青春豪华版,名爵5抵押委托书格式不规范无法完成抵押,"O353,",2021-01-28,处理反馈
568376,SWM斯威汽车,SWM斯威X7,2016款 1.5T 舒适型,SWM斯威X7贷款还完后未交付车钥匙,"O324,",2021-01-28,厂家受理
568375,奇瑞汽车,捷途X70,2018款 1.5T 手动 悦行版,捷途X70发动机故障灯亮清除故障码未解决,"A34,",2021-01-28,处理反馈
568374,一汽-大众奥迪,奥迪A4L,2017款 quattro 2.0T 双离合 风尚型,一汽大众奥迪A4L变速箱升降挡时顿挫,"B19,",2021-01-28,信息审核
568373,上汽大众,途岳,2019款 330TSI 四驱 旗舰版 国VI,上汽大众途岳电瓶无法充电自动启停功能失灵,"H146,H263,H340,",2021-01-28,处理反馈
568372,广汽三菱,欧蓝德,2020款 2.4L 四驱 致享版 5座,三菱欧蓝德车内异响 车身生锈 车身共振,"H79,H268,H164,",2021-01-28,厂家受理
568371,长安福特,蒙迪欧,2013款 1.5T 自动 GTDi180时尚型,福特蒙迪欧发动机节气门处有严重渗油现象,"A12,",2021-01-28,用户评分
568369,一汽-大众,探岳,2019款 380TSI 四驱 R-Line 国V,一汽大众探岳大灯发白影响夜间照明,"H82,",2021-01-28,用户评分
568367,一汽-大众,速腾,2018款 280TSI 双离合 豪华型,一汽大众速腾发动机高压泵异响现象严重,"H78,",2021-01-28,处理反馈
568366,上汽通用五菱,五菱宏光,2018款 1.5L S 基本型,上汽通用五菱宏光经销商收取解压费,"K307,",2021-01-28,用户评分
568365,长安汽车,长安欧尚X70A,2018款 1.5L 手动 豪华型,长安欧尚X70A导航故障反复维修无法解决,"H21,",2021-01-28,用户评分
568360,广汽丰田,雷凌,2017款 185T CVT 精英版 国V 改款,广汽丰田雷凌怠速不稳低速时变速箱顿挫,"A35,B19,",2021-01-28,处理反馈
568359,中国重汽,豪沃,仓栅式货车,重汽豪沃保单车架号与实车不符,"M284,",2021-01-28,信息审核
568358,领克,领克03,2021款 1.5TD DCT 劲 冠军版,领克03显示未挂P挡车辆无法启动,"B184,H110,H119,",2021-01-28,处理反馈
568356,吉利汽车,博瑞,2016款 1.8T 舒适型,吉利博瑞发动机VVT组件问题导致发动机异响,"A9,",2021-01-28,处理反馈
568354,长安汽车,长安CS55,2017款 1.5T 手动 炫动型,长安CS55一挡起步时车身抖动严重,"C87,",2021-01-28,用户评分
568352,广汽本田,皓影,2020款 240TURBO CVT 四驱 幻夜版,广汽本田皓影中控台异响严重希望处理,"H93,",2021-01-28,处理反馈
568347,东风日产,天籁,2020款 改款 2.0L XL Upper 智行版,东风日产天籁车载智联与厂家宣传不符,"M279,",2021-01-28,用户评分
568345,长安福特,锐际,2020款 EcoBoost 245 两驱 聪慧悦享款,长安福特锐际车门开关时抖动 变速箱顿挫,"B19,H72,",2021-01-28,处理反馈
568343,广汽丰田,凯美瑞,2015款 2.0G 自动 领先版,广汽丰田凯美瑞前半轴防尘套漏油,"G51,",2021-01-28,用户评分
568342,长安沃尔沃,沃尔沃S80L,2012款 2.0T DCT T5 智雅版,长安沃尔沃S80L发动机故障灯亮希望处理,"A34,",2021-01-28,信息审核
568341,一汽-大众奥迪,奥迪A6L,2019款 45 TFSI 臻选动感型,奥迪A6L四个轮毂有氧化情况存在质量问题,"H243,",2021-01-28,信息审核
568336,北汽新能源,EV系列,2014款 E150 EV 科技版,北汽新能源EV动力丢失 停放时间长拒绝保修,"A341,I297,",2021-01-28,用户评分
568332,东风英菲尼迪,英菲尼迪QX50,2018款 2.0T 两驱 菁英版,英菲尼迪QX50紧急行人保护装置无故弹开,"H170,",2021-01-28,信息审核
568331,福田汽车,欧曼,2008款 BJ4181SLFJA-6 牵引,福田欧曼差速器故障导致无法正常行驶,"H86,",2021-01-28,信息审核
568328,东风标致,标致408,2014款 1.8L 自动 豪华版,东风标致408发动机熄火 烧机油严重,"A63,A14,",2021-01-28,处理反馈
568327,东风乘用车,风神AX7,2021款 PRO 1.6T 自动 智能版,东风风神AX7过颠簸路面车内异响变速箱顿挫,"B19,",2021-01-28,处理反馈
568326,一汽-大众,探岳,2020款 330TSI 两驱 豪华智联版,一汽大众探岳车灯不亮希望厂家处理,"H82,",2021-01-28,处理反馈
568325,上汽大众,途观L,2020款 330TSI 自动 两驱 全景舒适版 国VI,上汽大众途观L油耗高动力不足希望厂家处理,"A163,",2021-01-28,处理反馈
568324,广汽本田,雅阁,2018款 260TURBO 豪华版 国VI,广汽本田雅阁车内和变速箱异响希望厂家处理,"B33,H164,",2021-01-28,处理反馈
568323,江西五十铃,瑞迈,2020款 2.5T 四驱 柴油 旗舰国VI 瑞迈S 标轴版 JE4D25Q6A,江西五十铃瑞迈发动机舱冒烟售后未解决,"A191,",2021-01-28,信息审核
568321,一汽-大众,探岳,2019款 330TSI 两驱 豪华型 国Ⅵ,一汽大众探岳大灯透镜发白影响夜间照明,"H82,",2021-01-28,处理反馈
568320,广汽本田,雅阁,2018款 260TURBO 豪华版 国VI,广汽本田雅阁中控台异响 后轮吃胎偏磨,"G245,H93,",2021-01-28,处理反馈
568314,东风标致,标致408,2015款 1.2T 自动 豪华版,东风标致408发动机故障灯亮抖动无法加速,"A24,A44,",2021-01-28,处理反馈
568313,一汽-大众奥迪,奥迪Q3,2020款 35 TFSI 时尚动感型,一汽大众奥迪Q3大灯发白亮度不足,"H82,",2021-01-28,信息审核
568311,北京奔驰,奔驰GLB,2020款 GLB 200 时尚型,北京奔驰GLB发动机未安装电磁阀导致异响,"Q322,",2021-01-28,处理反馈
568310,一汽-大众,迈腾,2019款 330TSI DSG 领先型 国VI,一汽大众迈腾尾灯起雾 售后服务态度恶劣,"H88,I293,",2021-01-28,处理反馈
568304,广汽本田,雅阁,2018款 230TURBO 舒适版 国V,广汽本田雅阁两后轮胎吃胎偏磨要求厂家处理,"G245,",2021-01-28,处理反馈
568295,一汽-大众,宝来,2011款 1.4TSI DSG 舒适型,一汽大众宝来变速箱抖动厂家不解决,"B95,",2021-01-28,处理反馈
568294,东风日产,逍客,2019款 2.0L CVT 智享版,东风日产逍客防侧滑故障报警发动机动力不足,"A163,H170,",2021-01-28,用户评分
568290,东风日产,楼兰,2019款 2.5L XE 两驱 精英版 国V,东风日产楼兰轮胎偏磨厂家拒绝处理,"G245,I295,",2021-01-28,处理反馈
568289,上汽大众,桑塔纳,2019款 1.5L 自动 舒适版 国V,上汽大众桑塔纳发动机漏油要求解决,"A12,",2021-01-28,用户评分
568288,海马汽车,海马S5,2018款 1.5T 手动 豪华型,海马S5 4S店退网无售后服务希望尽快解决,"L313,O326,",2021-01-28,信息审核
568287,华晨中华,中华V3,2019款 1.5L 手动 舒适型,华晨中华V3后减震器漏油 4S店不予索赔,"G25,I297,",2021-01-28,信息审核
568282,广汽本田,飞度,2014款 1.5L CVT LX舒适型,广汽本田飞度座椅骨架变形而且晃动,"H169,",2021-01-28,处理反馈
568281,一汽-大众,迈腾,2017款 330TSI DSG 豪华型,大众迈腾变速箱故障需要更换变速箱阀体,"B84,",2021-01-28,处理反馈
568280,奇瑞捷豹路虎,捷豹XEL,2019款 2.0T 200PS 尊享版,奇瑞捷豹路虎XEL发动机和变速箱漏油,"A12,B22,",2021-01-28,处理反馈
568279,奇瑞汽车,瑞虎8,2018款 1.5TCI 自动 尊贵型 5座,奇瑞瑞虎8行驶时中控台异响严重,"H93,",2021-01-28,处理反馈
568276,上汽大众,途观L,2020款 330TSI 自动 两驱 全景舒适版 国VI,大众途观L变速箱异响4S店维修时间记录错误,"B33,O324,",2021-01-28,处理反馈
568274,福田汽车,伽途ix7,2018款 1.5L 标准型 DAM15DL,福田伽途ix7车身生锈异响十分严重,"H79,H15,",2021-01-28,信息审核
568273,广汽菲克Jeep,自由光,2016款 2.4L 领先版,广汽菲克Jeep自由光座椅零件脱落 座椅异响,"H169,I295,",2021-01-28,厂家受理
568271,一汽红旗,红旗H5,2020款 1.5T DCT 旗韵版,一汽红旗H5转向异响 仪表台出现异响,"D59,H93,",2021-01-28,信息审核
568269,北京现代,途胜,2015款 1.6T   双离合 两驱 智能型,北京现代途胜变速箱顿挫异响希望厂家处理,"B33,B19,",2021-01-28,处理反馈
568268,上汽大众,凌渡,2015款 280TSI DSG 舒适版,上汽大众凌渡车内异味希望厂家处理问题,"H185,",2021-01-28,处理反馈
568267,上汽大众,凌渡,2019款 280TSI DSG 舒适版 国VI,上汽大众凌渡天窗异响售后未解决问题,"H89,",2021-01-28,处理反馈
568264,东风本田,INSPIRE,2019款 锐·混动 2.0L 净越版 国VI,东风本田INSPIRE空调异响希望厂家处理,"H101,",2021-01-28,处理反馈
568261,广汽本田,冠道,2017款 370TURBO 自动 四驱 尊享版,广汽本田冠道发动机和变速箱连接处漏油,"A12,B22,H119,H192,",2021-01-28,处理反馈
568259,吉利汽车,远景S1,2018款 1.4T CVT 锋享型,吉利远景S1车联网一直未更新希望处理,"H155,",2021-01-28,处理反馈
568256,一汽-大众,宝来,2018款 1.5L 手动 时尚型,一汽大众宝来减震弹簧断裂导致行驶时异响,"G52,",2021-01-28,用户评分
568255,奇瑞汽车,瑞虎8,2019款 1.6TGDI 自动 豪华型,奇瑞瑞虎8刹车异响多次维修没有解决,"E43,",2021-01-28,处理反馈
568254,东风日产,轩逸,2019款 1.6XV CVT 智联尊享版 国VI,东风日产轩逸发动机有机油乳化的现象,"A13,",2021-01-28,用户评分
568249,东风本田,INSPIRE,2019款 260TURBO 精悦版 国VI,东风本田INSPIRE中控屏卡死自动重启,"H134,",2021-01-28,处理反馈
568248,东风标致,标致308,2019款 230THP 自动 豪华版 国VI,东风标致308刹车抖动严重希望处理,"E111,",2021-01-28,处理反馈
568243,广汽本田,雅阁,2018款 2.0L 锐智版 锐·混动 国VI,广汽本田雅阁降噪模块损坏需更换轮毂,"H243,",2021-01-28,处理反馈
568242,长安福特,蒙迪欧,2017款 EcoBoost 180 自动 时尚型,长安福特蒙迪欧加速无力 节气门积存机油,"A12,A163,",2021-01-28,处理反馈
568240,一汽-大众,宝来,2020款 1.5L 手动 舒适型,一汽大众宝来启动右转时底盘有较大异响,"G56,",2021-01-28,处理反馈
568239,一汽-大众捷达,捷达VS5,2019款 280TSI 自动 悦享型,一汽大众捷达VS5变速箱异响 方向盘抖动,"B33,D80,",2021-01-28,用户评分
568237,上汽大众,途昂,2020款 改款 380TSI 四驱 豪华版,上汽大众途昂收取保费与保单不一致,"K308,",2021-01-28,处理反馈
568236,东风悦达起亚,奕跑,2019款 1.4L 自动 趣享版 国V,东风悦达起亚行驶时变速箱异响存在质量问题,"B33,",2021-01-28,处理反馈
568233,奇瑞捷豹路虎,发现运动版,2020款 249PS R-Dynamic SE 性能科技版 7座,奇瑞路虎发现运动版底盘变硬滤震效果变差,"G162,",2021-01-28,处理反馈
568229,上汽大众,途观L,2021款 380TSI 自动 四驱 R-Line越享版 7座,上汽大众途观L行驶时发动机熄火,"A14,",2021-01-28,处理反馈
568227,广汽乘用车,传祺GS5,2021款 进阶款 270T 科技智领版,广汽传祺GS5中控屏没有4G网络无法使用,"H155,",2021-01-28,用户评分
568225,东风日产,轩逸,2020款 改款 1.6L XL CVT 悦享版,东风日产轩逸变速箱失速 方向盘故障灯亮,"A14,B334,D156,",2021-01-28,处理反馈
568223,吉利汽车,缤越,2020款 PRO 260T DCT 骑士,吉利缤越行驶过程中方向盘有抖动的现象,"D80,",2021-01-28,用户评分
568221,奇瑞新能源,小蚂蚁,2018款 智享版 4座,奇瑞小蚂蚁行驶中突然断电无法使用	,"H343,",2021-01-28,厂家受理
568218,长城汽车,哈弗M6,2018款 1.5T DCT 两驱 精英型 改款,哈弗M6空调最小风量时异响质量差,"H101,",2021-01-28,处理反馈
568217,北京现代,领动,2018款 1.4T 双离合 炫动·活力型,北京现代领动方向盘卡滞 转向时沉重,"D123,D156,",2021-01-28,处理反馈
568214,东风标致,标致408,2016款 1.6T 自动 豪华版,标致408蓄电池充电故障更换电源管理模块,"H146,",2021-01-28,用户评分
568204,SWM斯威汽车,SWM斯威X7,2016款 1.5T 豪华型,SWM斯威X7发动机漏油 离合器方向机异响,"A12,C65,D59,",2021-01-28,厂家受理
568200,上汽大众,凌渡,2015款 280TSI DSG 舒适版,上汽大众凌渡变速箱故障行驶过程中脱挡,"B84,B246,",2021-01-28,处理反馈
568199,斯巴鲁,森林人,2019款 2.0i 智擎旗舰版 EyeSight,斯巴鲁森林人右前轮转向拉杆球头漏油,"D58,",2021-01-28,信息审核
568197,奇瑞汽车,瑞虎5x,2019款 HERO 1.5L 手动 时尚版,奇瑞瑞虎5x漆面生锈鼓包希望厂家处理,"H79,H81,",2021-01-28,用户评分
568195,一汽丰田,亚洲龙,2019款 2.5L Touring 尊贵版 国Ⅵ,一汽丰田亚洲龙4S店不予升级车机互联功能,"L314,",2021-01-28,信息审核
568194,一汽-大众奥迪,奥迪Q3,2021款 45 TFSI quattro 时尚动感型,一汽大众奥迪Q3车顶漏水希望厂家处理问题,"H90,",2021-01-28,信息审核
568193,一汽-大众,宝来,2017款 1.6L 手动 舒适型,一汽大众宝来刹车异响 多次维修未解决,"E43,",2021-01-28,处理反馈
568191,广汽丰田,凯美瑞,2016款 2.0G 自动 十周年纪念领先版,广汽丰田凯美瑞前半轴防尘套漏油,"G51,",2021-01-28,处理反馈
568188,东风日产,逍客,2021款 2.0L CVT 智享版,东风日产逍客轮胎生产日期与整车相差大,"M284,",2021-01-28,处理反馈
568186,东风日产,天籁,2021款 2.0L XL 舒适版,东风日产天籁加满油后刹车时汽油箱异响,"H72,H93,H147,",2021-01-28,处理反馈
568180,北京现代,悦纳,2020款 1.4L 手动 炫酷版GLS,北京现代悦纳4S店维修配件迟迟不到货,"N318,",2021-01-28,处理反馈
568176,一汽丰田,卡罗拉,2021款 1.2T S-CVT 豪华版,一汽丰田卡罗拉车门螺丝未安装到位,"J304,",2021-01-28,信息审核
568169,海马汽车,海马8S,2019款 1.6TGDI 手动 劲版,海马8S充电口没电 安全气囊有异响,"H79,H110,H103,",2021-01-28,信息审核
568168,上汽大众,途昂,2020款 330TSI 两驱 豪华版 国VI,上汽大众途昂车窗玻璃爆裂要求给予解决,"H113,I295,",2021-01-28,处理反馈
568164,江淮汽车,嘉悦A5,2020款 1.5T CVT 超越+型,江淮嘉悦A5引擎盖以及车身A柱生锈,"H81,",2021-01-28,用户评分
568163,东风悦达起亚,智跑,2018款 2.0L 自动 智享豪华版,起亚智跑行驶时前后减震异响 底盘异响,"G52,G56,",2021-01-28,处理反馈
568160,北京现代,索纳塔,2020款 380TGDi TOP 自动 旗舰版,北京现代索纳塔购车后保养券未兑现,"L313,",2021-01-28,处理反馈
568159,一汽-大众奥迪,奥迪A4L,2019款 40 TFSI 时尚型 国VI,奥迪A4L发动机抖动变速箱顿挫转向抖动,"A24,B19,D80,",2021-01-28,信息审核
568157,一汽-大众,一汽-大众CC,2020款 330TSI 华颜版 国VI,一汽大众CC主驾驶反光镜和车门损坏,"H149,H211,",2021-01-28,处理反馈
568156,一汽-大众,探岳,2019款 330TSI 两驱 豪华型 国Ⅵ,一汽大众探岳车灯不亮透镜有脏污痕迹,"H82,",2021-01-28,处理反馈
568152,东南汽车,东南DX3,2018款 1.5L 手动 尊贵型,东南DX3行驶时发动机异响严重 转向异响,"A9,D59,",2021-01-27,处理反馈
568148,观致汽车,观致5,2018款 1.6T 自动 尊贵型,观致5中控车机黑屏重启 蓝牙音乐卡顿,"H134,H155,I294,",2021-01-27,信息审核
568147,东风本田,本田CR-V,2018款 1.5T 手动 两驱 经典版,东风本田CR-V铝合金轮毂氧化 中控骨架生锈,"H79,H243,",2021-01-27,处理反馈
568146,一汽丰田,奕泽IZOA,2020款 2.0L 奕享版,一汽丰田奕泽仪表台材质差擦拭出现划痕,"H176,",2021-01-27,信息审核
568144,星途,星途TXL,2021款 1.6T 两驱 星享版,星途TXL车机双联屏黑屏 空调控制按钮失灵,"H134,H101,H155,",2021-01-27,信息审核
568142,广汽菲克Jeep,自由侠,2016款 1.4T 自动 高能版,广汽菲克Jeep自由侠漏玻璃水导致车内积水,"H109,",2021-01-27,厂家受理
568141,长安福特,锐际,2020款 EcoBoost 245 四驱 纵享款 ST-LINE,长安福特锐际变速箱换挡共振希望厂家解决,"B208,",2021-01-27,用户评分
568139,北汽昌河,北汽EV2,2019款 改款 8度版 1.8kW车载充电机,北汽昌河EV2零度以下电池不能充电,"H340,",2021-01-27,信息审核
568138,东风日产,轩逸,2019款 1.6XE+ CVT 智联豪华版 经典,东风日产轩逸行驶时中控台异响明显,"H93,",2021-01-27,处理反馈
568136,奇瑞汽车,艾瑞泽EX,2019款 1.5L 手动 青春版 国V,奇瑞艾瑞泽EX行驶中加速无力 后减震器异响,"A160,G52,",2021-01-27,信息审核
568135,东风雪铁龙,雪铁龙C4L,2015款 1.8L 自动 豪华版,东风雪铁龙C4L方向盘晃动有很大间隙,"D80,D337,",2021-01-27,用户评分
568131,新大洲本田,e韵110,踏板车,新大洲本田e韵110发动机异响声音嘈杂,"A9,",2021-01-27,信息审核
568130,福田汽车,时代驭菱 轻卡,2009款 轻卡,福田时代驭菱轻卡驾驶室生锈非常严重,"H79,",2021-01-27,信息审核
568128,广汽丰田,雷凌,2021款 185T CVT 豪华版,广汽丰田雷凌变速箱低速顿挫抖动,"B19,B95,",2021-01-27,处理反馈
568127,一汽丰田,威驰,2014款 1.5L 自动 智臻版,一汽丰田威驰4S店拆装后发动机异响	,"A9,J300,",2021-01-27,信息审核
568126,东风日产,阳光,2015款 1.5XE CVT 舒适版,东风日产阳光变速箱挡位传感器故障故障灯亮,"B96,",2021-01-27,处理反馈
568124,广汽本田,凌派,2019款 180Turbo CVT 豪华版 国VI,本田凌派正时皮带设计缺陷导致机油滤网堵塞,"Q322,",2021-01-27,用户评分
568122,东风日产,逍客,2019款 2.0L CVT 智享版,东风日产逍客4S店保养后车辆无法行驶,"J300,",2021-01-27,用户评分
568119,江淮汽车,瑞风S3,2017款 1.5L 手动 豪华智能型,江淮瑞风S3不平路面行驶时减震器出现异响,"G52,G204,",2021-01-27,处理反馈
568118,路虎进口,揽胜星脉,2020款 P250,进口路虎揽胜星脉行驶中共振影响正常驾驶,"H268,",2021-01-27,处理反馈
568115,东南汽车,东南DX7,2016款 1.5T 手动 凯旋版,东南DX7电子手刹锁死发动机噪音大动力不足,"A38,E159,G56,G245,",2021-01-27,信息审核
568112,东风日产,奇骏,2017款 2.0L CVT 舒适版 5座 2WD,东风日产奇骏车身漆面鼓包A柱处生锈,"H79,H81,",2021-01-27,处理反馈
568111,奇瑞汽车,瑞虎8,2019款 1.6TGDI 自动 豪华型,奇瑞瑞虎8变速箱换挡杆故障导致无法挂挡,"B184,H67,H88,",2021-01-27,处理反馈
568106,东南汽车,东南DX7,2017款 1.5T 自动 豪华型,东南DX7电子手刹抱死失灵无法解锁,"E159,",2021-01-27,处理反馈
568103,广汽丰田,凯美瑞,2015款 2.0G 自动 领先版,广汽丰田凯美瑞主驾驶座椅靠背调节异响,"H169,",2021-01-27,处理反馈
568102,上汽大众,途观L,2020款 330TSI 自动 两驱 智动豪华版 国VI,上汽大众途观L发动机抖动 语音功能故障,"A24,H134,",2021-01-27,处理反馈
568100,广汽本田,雅阁,2018款 2.0L 锐领版 锐·混动 国V,广汽本田雅阁发动机缸盖渗油未彻底解决,"A12,",2021-01-27,用户评分
568092,长城汽车,哈弗H5,2018款 2.0T 手动 四驱 精英型 经典版 柴油,哈弗H5发动机进气管爆裂存在质量问题,"H168,",2021-01-27,处理反馈
568087,东风本田,本田CR-V,2021款 240TURBO CVT 两驱 舒适版,东风本田CR-V机油乳化希望厂家处理,"A13,",2021-01-27,用户评分
568085,长安福特,锐际,2020款 EcoBoost 245 四驱 纵享款 ST-LINE,长安福特锐际后排座椅快速放倒拉杆减配,"Q350,",2021-01-27,处理反馈
568084,奇瑞汽车,艾瑞泽5,2016款 1.5L CVT 领潮版,奇瑞艾瑞泽5变速器异响希望尽快处理,"B33,",2021-01-27,处理反馈
568083,捷豹,捷豹XJ,2016款 XJL 2.0T 两驱 典雅商务版,捷豹XJ桃木内饰板开裂希望尽快解决,"H168,",2021-01-27,处理反馈
568082,广汽丰田,凯美瑞,2007款 240V 2.4 自动 至尊版,广汽丰田凯美瑞中控仪表台开裂存在质量问题,"H176,",2021-01-27,处理反馈
568079,北京现代,名图,2014款 1.8L 自动 舒适型,北京现代名图发动机拉缸熄火 换挡顿挫,"A14,A136,B19,H110,",2021-01-27,处理反馈
568078,一汽-大众,一汽-大众CC,2020款 330TSI 魅颜版 国VI,一汽大众CC车身与车内多处异响希望处理,"H15,H164,",2021-01-27,处理反馈
568077,吉利汽车,帝豪GL,2020款 1.4T CVT 豪华型,吉利帝豪GL后备箱无法关闭售后无法解决,"H68,",2021-01-27,处理反馈
568073,广汽丰田,雷凌,2016款 1.6G CVT 精英版,广汽丰田雷凌后减震器漏油希望处理,"G25,",2021-01-27,处理反馈
568069,一汽-大众,迈腾,2018款 330TSI DSG 豪华型 改款,一汽大众迈腾行驶中底盘异响厂家未解决,"G56,",2021-01-27,用户评分
